,MinTemp,MaxTemp,Rainfall,Evaporation,Sunshine
45587,8.0,24.3,0.0,3.4,6.3
45588,14.0,26.9,3.6,4.4,9.7
45589,13.7,23.4,3.6,5.8,3.3
45590,13.3,15.5,39.8,7.2,9.1
45591,7.6,16.1,2.8,5.6,10.6
45592,6.2,16.9,0.0,5.8,8.2
45593,6.1,18.2,0.2,4.2,8.4
45594,8.3,17.0,0.0,5.6,4.6
45595,8.8,19.5,0.0,4.0,4.1
45596,8.4,22.8,16.2,5.4,7.7
45597,9.1,25.2,0.0,4.2,11.9
45598,8.5,27.3,0.2,7.2,12.5
45599,10.1,27.9,0.0,7.2,13.0
45600,12.1,30.9,0.0,6.2,12.4
45601,10.1,31.2,0.0,8.8,13.1
45602,12.4,32.1,0.0,8.4,11.1
45603,13.8,31.2,0.0,7.2,8.4
45604,11.7,30.0,1.2,7.2,10.1
45605,12.4,32.3,0.6,7.4,13.0
45606,15.6,33.4,0.0,8.0,10.4
45607,15.3,33.4,0.0,8.8,9.5
45608,16.4,19.4,0.4,9.2,0.0
45609,12.8,18.5,25.8,2.8,0.6
45610,12.0,24.3,0.4,1.2,7.5
45611,15.4,28.4,0.0,4.4,8.1
45612,15.6,26.9,0.0,6.8,8.9
45613,13.3,22.2,0.2,6.6,2.3
45614,12.9,28.0,0.0,4.4,10.7
45615,15.1,24.3,0.0,7.0,0.4
45616,13.6,24.1,0.4,2.6,0.5
45617,15.1,20.4,22.6,2.4,0.2
45618,11.6,26.3,4.2,1.6,12.0
45619,16.6,24.2,0.2,6.6,4.7
45620,13.3,26.5,6.6,3.8,11.8
45621,14.5,21.8,0.0,8.4,9.8
45622,16.3,26.8,0.0,6.0,6.3
45623,17.2,25.8,0.0,4.2,8.8
45624,16.5,28.2,4.0,4.2,8.8
45625,15.0,29.4,0.0,6.6,11.1
45626,14.9,24.8,0.0,10.4,10.0
45627,11.8,18.5,0.6,4.8,2.3
45628,11.7,21.5,0.0,4.2,7.3
45629,9.6,20.3,0.0,5.0,3.6
45630,8.9,27.1,0.0,4.4,12.7
45631,10.1,29.9,0.0,6.8,8.8
45632,15.5,21.1,5.4,6.4,0.9
45633,10.8,21.7,1.4,2.8,10.6
45634,7.5,20.9,0.0,6.6,8.7
45635,12.8,21.0,0.0,6.4,0.8
45636,12.6,23.1,3.4,1.6,2.3
45637,14.8,29.5,6.4,1.8,8.1
45638,19.9,22.0,11.0,4.4,5.9
45639,9.2,20.4,17.4,7.8,10.2
45640,12.4,24.4,0.0,6.2,12.1
45641,11.3,21.7,3.4,8.2,5.6
45642,9.8,26.3,0.0,5.2,13.0
45643,14.3,26.7,0.0,7.2,7.1
45644,15.1,28.3,14.4,8.8,13.2
45645,14.4,31.6,0.0,6.6,13.6
45646,15.4,35.0,0.0,9.6,13.0
45647,13.8,33.5,0.0,11.4,13.6
45648,13.6,34.2,0.0,8.8,12.8
45649,14.3,35.0,0.0,7.6,10.5
45650,15.9,23.4,0.0,12.6,2.2
45651,16.7,25.3,0.0,6.2,12.5
45652,12.1,27.5,0.0,7.4,11.7
45653,14.3,34.1,0.0,6.6,10.5
45654,16.5,33.9,0.0,9.0,12.6
45655,16.5,30.3,0.0,10.0,8.1
45656,17.5,29.9,0.0,6.6,8.8
45657,14.7,34.2,0.0,6.6,12.8
45658,17.5,35.8,0.0,9.4,13.3
45659,20.9,35.7,0.0,13.8,6.9
45660,17.0,33.8,2.0,9.0,13.5
45661,16.0,22.8,0.0,12.4,6.0
45662,15.4,33.8,0.0,5.2,11.1
45663,17.9,33.2,0.0,10.4,8.4
45664,15.2,25.1,4.8,6.4,11.6
45665,15.1,20.4,0.0,9.6,0.1
45666,15.3,19.6,18.8,5.0,0.0
45667,17.2,24.7,12.2,1.4,8.1
45668,15.9,19.9,0.8,5.6,1.6
45669,10.0,22.5,0.0,4.4,11.6
45670,9.9,24.4,0.0,5.8,10.8
45671,10.3,27.8,0.0,6.4,9.9
45672,15.4,25.7,0.0,6.8,8.2
45673,12.7,28.8,0.0,7.4,9.0
45674,13.2,31.3,0.0,6.6,11.6
45675,15.3,33.2,0.0,9.4,13.2
45676,17.9,33.9,0.0,10.4,11.8
45677,18.0,34.9,0.0,9.2,9.9
45678,17.6,27.8,5.2,10.2,3.6
45679,16.0,23.8,2.2,5.4,6.2
45680,14.9,28.8,0.0,5.8,8.1
45681,17.1,29.6,0.0,5.8,9.2
45682,18.2,22.6,1.8,8.0,0.0
45683,16.8,22.8,9.0,2.8,0.3
45684,13.6,27.4,1.0,2.8,8.0
45685,14.5,24.2,0.0,6.8,5.9
45686,12.4,19.9,16.2,5.4,5.6
45687,10.4,20.9,0.0,4.0,8.9
45688,9.1,23.1,0.0,5.8,9.6
45689,8.9,26.0,0.0,5.0,10.7
45690,14.5,24.2,4.4,6.6,5.9
45691,12.6,18.2,11.0,3.2,0.4
45692,8.6,24.2,0.2,2.8,12.7
45693,10.8,25.2,0.0,5.6,12.6
45694,11.2,26.1,0.0,7.2,12.6
45695,12.1,24.1,0.0,7.4,10.2
45696,10.8,25.8,0.0,6.8,11.7
45697,11.4,27.1,0.0,5.6,12.1
45698,12.0,28.9,0.0,7.2,8.2
45699,16.3,24.8,1.8,7.8,3.8
45700,12.7,28.6,6.6,3.2,8.6
45701,12.7,25.1,0.0,7.8,12.4
45702,12.0,23.8,0.0,10.4,12.4
45703,11.5,25.9,0.0,5.2,10.2
45704,13.0,28.2,0.0,5.0,11.6
45705,11.7,27.6,0.0,7.8,8.1
45706,14.8,17.3,0.0,7.6,0.8
45707,7.7,18.4,10.4,5.2,12.0
45708,4.4,21.8,0.0,6.2,12.1
45709,7.4,24.4,0.0,6.2,11.6
45710,8.3,27.3,0.0,5.6,10.1
45711,10.1,28.2,0.0,6.0,7.3
45712,12.0,27.6,0.0,6.0,11.0
45713,12.9,31.8,0.0,6.0,11.3
45714,10.8,29.2,0.0,8.4,7.5
45715,9.5,27.4,3.0,4.8,11.5
45716,12.1,27.8,0.0,5.0,11.5
45717,12.5,31.7,0.0,6.6,11.2
45718,13.9,34.7,0.0,6.4,8.5
45719,13.3,31.7,0.2,7.8,11.0
45720,13.2,33.1,0.0,8.6,9.7
45721,12.3,33.8,0.0,7.2,11.3
45722,13.8,35.2,0.0,6.4,11.2
45723,11.3,32.3,0.0,9.4,11.4
45724,11.7,30.2,0.0,7.8,11.2
45725,12.5,29.9,0.0,5.8,10.7
45726,15.1,26.2,0.0,9.0,9.8
45727,11.5,29.3,0.0,5.2,8.0
45728,13.0,14.8,0.0,8.2,0.0
45729,11.6,19.6,0.0,2.8,1.6
45730,12.8,24.9,0.0,2.4,6.2
45731,15.5,22.4,0.6,4.8,1.9
45732,13.1,17.4,6.4,2.8,0.0
45733,12.6,20.2,19.8,2.6,9.1
45734,4.4,18.3,0.0,4.6,9.6
45735,4.4,18.2,0.0,3.6,11.0
45736,7.1,18.5,0.0,3.4,10.0
45737,4.2,18.9,0.0,6.4,10.8
45738,9.6,18.8,0.0,6.4,10.0
45739,3.5,21.8,0.0,6.0,10.3
45740,5.3,23.3,0.0,3.6,5.6
45741,7.0,14.3,2.6,9.6,9.7
45742,0.4,18.9,0.0,4.8,9.6
45743,3.2,21.4,0.0,3.2,10.6
45744,5.9,21.8,0.0,2.8,9.3
45745,8.1,20.5,0.0,3.8,7.8
45746,6.9,18.9,0.0,4.2,4.1
45747,5.6,19.5,0.0,2.8,6.8
45748,7.2,22.9,0.0,2.2,9.5
45749,7.1,23.4,0.0,3.4,10.2
45750,6.1,24.1,0.0,4.6,6.1
45751,7.1,19.8,2.0,3.2,7.7
45752,5.6,18.0,5.2,3.8,9.3
45753,5.4,20.7,0.0,3.2,10.8
45754,6.3,19.3,0.0,3.4,10.6
45755,5.3,21.0,0.0,4.6,6.3
45756,7.9,19.7,0.0,3.2,8.3
45757,8.4,16.1,0.0,3.0,4.9
45758,8.1,18.7,0.0,4.4,7.1
45759,2.4,20.6,0.0,2.8,10.1
45760,5.6,18.9,0.0,3.8,8.0
45761,7.5,19.0,0.0,4.0,6.8
45762,2.5,21.2,0.0,2.0,7.9
45763,5.0,20.9,0.0,2.0,8.9
45764,3.8,21.7,0.2,2.8,6.5
45765,7.9,18.7,0.0,5.8,5.8
45766,4.3,11.3,7.2,4.4,5.6
45767,,13.8,0.2,1.8,9.5
45768,,14.8,0.0,1.4,7.0
45769,3.8,13.8,0.0,2.8,0.8
45770,2.1,17.3,0.0,1.6,9.2
45771,0.5,17.1,0.0,4.0,9.4
45772,,16.7,0.0,2.4,9.3
45773,0.4,19.0,0.0,3.4,8.3
45774,7.5,16.8,0.0,2.8,3.0
45775,8.3,17.6,0.0,3.4,9.4
45776,,18.1,0.0,4.4,9.4
45777,0.1,21.0,0.0,2.2,9.2
45778,1.5,20.9,0.0,2.4,9.3
45779,8.3,17.4,0.0,2.0,1.6
45780,9.4,19.2,0.0,2.2,7.7
45781,1.3,19.0,0.0,2.2,9.4
45782,2.2,18.6,0.0,2.0,9.2
45783,,17.9,0.0,2.4,8.7
45784,4.5,16.0,1.8,3.0,4.3
45785,7.9,12.3,1.0,1.8,1.7
45786,4.3,14.1,0.8,1.6,8.8
45787,,18.1,0.0,2.2,9.3
45788,0.3,17.0,0.0,2.2,5.6
45789,3.8,17.4,0.0,2.6,7.3
45790,2.4,14.7,0.0,2.6,9.2
45791,1.2,14.8,0.0,2.4,6.7
45792,1.2,14.5,0.0,1.2,8.9
45793,,17.5,0.0,1.6,8.4
45794,4.7,18.5,3.8,2.0,5.1
45795,4.9,18.1,5.2,1.2,8.5
45796,1.4,16.8,0.0,1.6,8.2
45797,2.2,17.5,0.2,1.2,8.5
45798,,18.0,0.0,2.0,8.6
45799,,18.5,0.0,2.2,8.9
45800,0.6,14.0,0.0,2.2,2.7
45801,4.6,15.7,0.0,1.0,0.6
45802,9.8,14.4,0.8,0.6,0.0
45803,10.6,15.1,3.8,0.2,2.6
45804,7.8,15.1,0.0,2.2,2.7
45805,4.4,16.7,0.0,1.6,9.0
45806,,15.5,0.0,1.4,9.0
45807,4.3,14.5,0.0,2.0,3.0
45808,7.4,16.3,0.0,1.2,
45809,8.6,13.7,6.2,2.2,0.0
45810,10.2,15.0,4.8,0.2,0.5
45811,7.3,16.4,0.2,1.2,8.5
45812,8.7,13.0,0.6,3.2,7.1
45813,1.0,11.8,0.0,2.2,7.2
45814,2.1,14.7,0.0,2.6,8.2
45815,6.4,16.9,0.0,2.6,5.9
45816,5.4,15.5,0.0,1.6,5.8
45817,0.4,15.5,0.0,1.0,4.7
45818,4.0,15.9,0.0,0.6,2.0
45819,8.4,11.7,4.8,0.6,0.0
45820,0.4,13.9,0.6,0.8,7.7
45821,4.2,14.0,0.0,1.4,7.6
45822,0.9,12.9,0.0,2.0,6.8
45823,0.8,13.0,0.0,1.4,4.1
45824,4.3,12.6,0.0,2.0,9.0
45825,6.3,11.8,0.0,2.6,6.5
45826,3.5,14.3,0.0,3.4,8.9
45827,,14.8,0.0,2.2,8.0
45828,1.2,16.0,0.0,1.4,6.1
45829,0.5,15.4,0.0,2.4,6.4
45830,5.3,11.7,2.0,3.6,5.6
45831,6.6,13.1,0.2,2.8,8.2
45832,,11.5,0.0,2.8,8.9
45833,,12.0,0.0,1.8,3.9
45834,,14.2,0.0,1.4,7.0
45835,,14.0,0.0,1.2,7.1
45836,3.0,11.1,0.8,1.4,0.2
45837,2.9,9.5,16.8,1.4,6.5
45838,,8.8,0.0,0.8,2.8
45839,1.8,8.7,0.0,1.8,1.2
45840,2.9,8.4,1.6,1.4,7.7
45841,,11.1,0.2,1.4,6.5
45842,0.5,11.0,0.0,1.0,0.9
45843,2.7,16.5,0.0,0.6,8.9
45844,,13.6,0.0,1.8,5.2
45845,,12.8,0.2,2.0,1.9
45846,,11.5,0.0,0.6,4.7
45847,1.3,10.6,0.0,0.8,5.6
45848,2.4,11.6,1.2,2.2,8.1
45849,,11.0,0.2,1.8,0.0
45850,2.3,11.6,19.2,1.8,7.5
45851,,11.6,0.0,1.4,9.2
45852,,11.2,0.0,1.6,7.7
45853,,12.2,0.0,1.6,8.4
45854,,12.9,0.0,1.2,8.1
45855,,11.3,0.2,2.2,5.9
45856,,9.7,0.0,1.4,1.9
45857,,10.7,1.4,0.8,9.1
45858,0.8,12.2,0.0,1.8,8.6
45859,,12.2,0.0,2.6,8.7
45860,,14.1,0.0,2.2,6.8
45861,3.0,9.7,1.0,2.6,0.7
45862,4.4,11.5,6.6,2.2,9.3
45863,2.3,12.8,0.0,2.2,9.6
45864,,12.3,0.0,2.4,5.8
45865,,10.9,0.0,1.8,4.2
45866,4.8,14.1,4.0,1.6,8.3
45867,,11.1,0.0,3.0,5.0
45868,3.1,12.5,1.2,1.4,7.2
45869,,9.6,0.0,1.8,7.3
45870,,7.6,0.4,2.4,4.7
45871,,9.3,0.4,1.4,9.9
45872,0.1,10.4,0.0,1.8,7.9
45873,2.3,12.2,0.0,2.8,9.8
45874,2.1,10.7,0.0,3.4,9.4
45875,4.6,14.7,0.0,4.4,8.4
45876,3.7,14.2,0.0,3.0,10.0
45877,,11.6,0.0,4.0,10.4
45878,,12.5,0.0,3.0,6.8
45879,,13.1,0.0,2.2,7.9
45880,0.0,14.0,0.0,2.4,4.7
45881,2.4,14.1,0.0,3.0,1.8
45882,,12.2,0.0,2.6,7.0
45883,2.3,11.6,0.0,5.4,9.5
45884,,14.4,0.0,2.6,10.4
45885,,14.2,0.0,2.6,7.8
45886,,17.3,0.0,2.8,9.0
45887,,15.1,0.0,3.0,
45888,,14.7,0.0,3.4,9.9
45889,,16.2,0.0,3.4,5.9
45890,0.5,16.3,0.0,1.8,4.1
45891,6.1,17.2,4.0,2.2,2.4
45892,4.1,14.8,7.4,2.6,10.8
45893,0.1,16.7,0.0,3.8,10.2
45894,3.2,12.1,0.0,2.8,3.9
45895,5.4,11.3,0.2,2.2,0.6
45896,5.8,12.4,0.0,1.6,0.0
45897,6.3,16.1,0.0,1.8,2.9
45898,,16.7,0.0,2.8,8.6
45899,0.2,15.5,1.0,2.4,9.4
45900,,14.7,0.0,3.4,10.9
45901,,15.2,0.0,4.0,9.7
45902,,16.6,0.0,3.0,9.9
45903,,21.6,0.0,5.0,9.9
45904,9.0,25.5,0.0,5.6,10.2
45905,13.1,19.4,9.8,8.8,6.0
45906,8.7,19.7,1.6,5.2,8.0
45907,3.9,13.2,3.4,6.6,11.0
45908,0.7,14.1,0.0,5.6,9.0
45909,1.1,18.0,0.0,1.6,8.6
45910,5.1,23.3,0.0,3.6,10.3
45911,7.5,23.3,0.0,6.8,10.9
45912,4.7,19.5,0.0,10.0,11.0
45913,3.2,21.9,0.0,6.8,5.2
45914,7.8,16.2,17.4,6.4,7.9
45915,2.4,17.3,0.0,2.2,11.3
45916,3.2,18.7,0.0,2.6,11.1
45917,2.5,20.9,0.0,3.6,10.6
45918,6.5,25.7,0.0,4.8,10.5
45919,14.4,24.3,0.0,9.4,11.1
45920,4.9,18.9,0.0,9.6,9.4
45921,2.3,16.8,0.0,4.8,11.4
45922,1.4,20.6,0.0,5.4,11.1
45923,5.6,27.6,0.0,5.2,11.0
45924,16.8,28.9,0.0,10.0,10.8
45925,14.4,20.7,7.6,9.4,4.9
45926,10.3,21.3,3.0,4.2,6.7
45927,11.2,18.0,0.0,4.8,8.4
45928,0.3,16.0,8.2,5.4,11.8
45929,0.5,17.9,0.0,5.8,11.5
45930,0.5,20.0,0.0,6.2,11.5
45931,4.6,22.0,0.0,4.4,11.0
45932,8.2,22.4,0.0,5.4,11.2
45933,4.5,23.9,0.0,4.8,11.7
45934,6.7,26.1,0.0,6.2,7.5
45935,11.9,21.1,13.2,6.6,
45936,9.2,19.6,0.6,3.4,10.4
45937,4.4,21.0,0.0,4.2,12.2
45938,5.0,24.1,0.0,6.2,12.0
45939,6.7,24.7,0.0,5.4,8.6
45940,8.3,28.5,0.0,5.8,9.8
45941,11.3,27.4,0.2,7.6,12.1
45942,9.0,20.6,0.0,9.0,6.2
45943,3.4,15.0,0.8,4.8,11.7
45944,3.2,18.0,0.0,7.4,12.2
45945,0.9,20.7,0.0,5.4,8.4
45946,3.3,25.5,0.0,5.2,10.8
45947,7.9,26.1,0.0,6.8,3.5
45948,9.0,30.7,0.0,7.6,12.1
45949,7.1,28.4,0.0,11.6,12.7
45950,12.5,19.9,0.0,8.4,5.3
45951,12.5,26.9,0.0,5.0,7.1
45952,12.3,30.2,0.0,6.0,12.6
45953,10.5,20.6,0.0,13.0,7.7
45954,11.4,25.3,0.0,5.2,4.6
45955,13.2,23.5,16.0,6.2,10.1
45956,8.4,21.1,0.0,7.6,11.8
45957,7.6,20.8,0.0,6.2,5.5
45958,6.6,25.7,0.0,5.4,12.4
45959,8.0,21.1,0.0,8.6,0.0
45960,12.6,18.5,8.4,2.8,3.7
45961,6.4,23.0,0.0,5.4,13.1
45962,11.9,26.7,0.0,6.6,10.5
45963,11.2,27.2,0.0,6.6,12.3
45964,11.1,30.4,0.0,7.8,11.6
45965,11.8,30.8,0.0,7.6,10.9
45966,14.3,32.9,0.0,8.2,9.8
45967,15.7,27.3,3.2,11.2,11.6
45968,7.3,24.5,0.0,10.2,12.3
45969,9.6,24.6,0.0,8.0,12.1
45970,12.5,22.2,0.0,8.2,2.0
45971,15.2,22.6,0.0,2.6,1.4
45972,14.4,22.6,11.6,1.0,7.7
45973,10.3,23.0,0.4,5.4,11.2
45974,7.1,13.1,3.0,10.0,6.3
45975,5.0,16.0,13.8,6.6,4.2
45976,8.8,22.2,3.0,3.6,10.1
45977,10.3,19.5,0.0,6.4,10.7
45978,9.4,21.5,0.0,5.0,6.6
45979,9.8,27.9,0.0,4.8,8.7
45980,13.4,26.1,9.2,7.6,5.0
45981,14.8,23.9,15.4,5.6,10.3
45982,8.3,21.5,3.4,6.6,13.6
45983,13.6,25.2,0.0,9.6,13.0
45984,5.6,24.5,0.0,13.0,13.2
45985,9.1,25.6,0.0,10.2,13.2
45986,11.2,24.4,0.0,11.0,10.8
45987,14.6,29.5,0.4,6.6,8.1
45988,13.2,29.1,0.0,6.4,9.4
45989,16.5,26.6,0.0,12.4,12.3
45990,12.0,26.5,0.0,12.8,12.9
45991,9.3,28.9,0.0,8.0,8.1
45992,15.0,23.4,0.0,10.8,8.8
45993,13.3,22.7,0.0,6.6,6.6
45994,12.6,21.8,4.6,6.2,0.0
45995,13.2,23.0,55.4,3.6,10.2
45996,12.1,19.5,0.0,9.2,5.8
45997,10.8,23.4,0.0,6.6,12.9
45998,7.8,25.2,0.0,7.0,13.3
45999,10.3,24.7,0.0,9.6,4.5
46000,13.1,25.3,7.8,3.8,9.3
46001,8.5,21.2,0.6,6.8,12.9
46002,7.2,21.2,0.0,8.4,12.6
46003,9.3,24.6,0.0,5.8,13.1
46004,10.9,29.0,0.0,,12.6
46005,16.1,26.0,4.2,,4.9
46006,13.7,20.4,15.0,6.8,1.4
46007,10.8,29.0,0.0,2.4,11.5
46008,14.2,30.8,0.0,6.8,11.0
46009,14.8,28.6,0.0,9.8,4.1
46010,13.2,29.7,33.0,9.2,12.5
46011,11.7,27.5,0.0,8.2,12.5
46012,11.6,21.8,0.0,8.4,10.6
46013,13.5,24.0,0.0,9.8,13.4
46014,12.6,27.1,0.0,10.6,13.3
46015,12.7,23.8,0.0,13.6,13.4
46016,10.0,26.1,0.0,8.8,13.4
46017,10.5,30.7,0.0,6.0,11.3
46018,13.9,31.8,0.0,7.0,13.6
46019,10.4,34.7,0.0,11.2,13.5
46020,12.4,36.0,0.0,13.0,9.2
46021,16.5,26.7,0.0,12.8,10.2
46022,11.4,21.5,0.0,7.4,11.4
46023,8.4,24.5,0.0,7.0,10.3
46024,9.5,29.3,0.0,6.4,9.6
46025,13.8,27.3,2.0,8.0,13.3
46026,15.8,33.8,0.0,8.6,11.3
46027,15.5,37.6,0.0,9.2,13.4
46028,17.8,37.7,0.0,12.6,12.3
46029,14.6,29.4,0.0,14.4,13.2
46030,7.9,25.0,0.0,14.6,13.3
46031,8.0,29.2,0.0,8.8,12.9
46032,11.5,33.1,0.0,7.2,13.3
46033,14.9,34.3,0.0,10.4,8.8
46034,16.7,34.1,21.2,11.0,12.1
46035,19.9,29.0,0.0,11.2,6.5
46036,18.7,31.3,18.6,9.0,11.0
46037,17.7,29.4,10.2,8.0,12.8
46038,15.1,27.7,0.0,11.2,7.9
46039,13.2,31.2,0.0,5.2,13.0
46040,16.7,32.2,0.0,9.6,9.2
46041,17.4,34.8,0.0,6.8,13.0
46042,18.5,37.0,0.0,10.4,12.9
46043,16.4,37.2,0.0,11.0,13.1
46044,15.7,38.2,0.0,10.0,12.7
46045,19.0,31.9,0.0,10.6,11.8
46046,17.0,34.7,0.0,10.6,10.2
46047,17.5,31.0,0.6,10.2,7.8
46048,17.4,33.8,0.0,8.0,9.0
46049,18.7,37.4,0.0,7.0,12.7
46050,21.0,39.6,0.0,12.4,12.7
46051,20.4,40.0,0.0,12.4,12.7
46052,21.1,40.0,0.0,14.4,12.3
46053,17.3,26.0,0.0,14.6,6.7
46054,12.5,23.8,0.0,4.6,4.4
46055,11.2,22.9,0.0,4.8,7.4
46056,10.9,16.2,0.0,6.8,1.8
46057,11.3,18.1,4.0,3.0,6.3
46058,9.1,19.4,0.0,5.0,2.8
46059,13.2,21.7,1.0,6.0,5.0
46060,13.2,20.5,0.2,5.4,6.0
46061,10.1,20.9,0.0,5.6,1.3
46062,15.4,24.8,0.0,5.2,7.4
46063,11.3,31.2,0.0,6.2,11.6
46064,10.9,30.3,0.0,8.6,3.3
46065,12.9,27.3,0.0,4.0,10.9
46066,11.3,27.9,0.0,7.0,7.4
46067,13.7,30.6,0.0,5.0,9.0
46068,11.7,31.8,1.2,5.2,12.3
46069,12.5,32.3,0.0,12.0,10.9
46070,11.0,26.2,0.0,8.8,12.1
46071,15.4,29.5,0.0,7.6,8.9
46072,13.7,34.8,0.0,7.6,11.5
46073,15.5,29.0,0.0,10.6,10.6
46074,16.0,26.4,0.0,7.0,10.7
46075,16.3,26.2,0.0,6.4,0.8
46076,16.3,22.8,0.0,4.6,9.3
46077,11.1,22.2,0.0,12.8,11.6
46078,5.0,23.6,0.0,8.6,11.3
46079,9.6,27.5,0.0,7.2,11.3
46080,13.0,24.1,0.0,6.8,8.4
46081,14.7,25.9,0.0,5.8,6.1
46082,12.5,27.6,0.0,4.6,7.7
46083,14.0,25.5,0.0,6.2,8.0
46084,15.6,28.6,0.0,7.2,8.3
46085,17.1,25.4,0.0,6.4,3.6
46086,13.0,27.6,0.0,3.0,6.7
46087,11.6,21.2,9.6,6.2,11.3
46088,6.1,22.1,0.0,7.2,11.5
46089,3.9,24.3,0.0,8.6,11.6
46090,7.7,27.2,0.0,5.0,11.5
46091,9.0,28.3,0.0,7.2,8.8
46092,8.8,30.2,0.0,5.6,10.0
46093,9.5,29.6,0.0,7.0,11.2
46094,10.1,30.3,0.0,6.6,7.6
46095,10.4,31.2,0.0,7.0,8.0
46096,11.6,31.9,0.0,6.2,10.6
46097,14.3,30.7,0.0,8.4,7.1
46098,12.1,28.7,0.0,8.6,6.7
46099,13.5,25.0,0.6,5.2,9.2
46100,13.7,26.8,0.0,4.8,9.3
46101,9.2,29.7,0.0,5.0,9.9
46102,10.1,24.4,0.0,7.0,8.9
46103,13.5,22.8,0.0,5.4,7.5
46104,15.1,21.2,0.4,5.6,5.4
46105,15.1,22.9,1.2,2.8,0.7
46106,14.5,28.6,0.0,2.4,9.1
46107,13.1,21.5,17.8,7.2,7.9
46108,11.0,22.1,0.0,3.2,9.6
46109,7.6,20.8,0.0,5.6,9.0
46110,7.3,21.0,0.0,4.8,10.4
46111,6.4,22.2,0.0,4.6,10.8
46112,8.8,23.4,0.0,2.8,10.8
46113,9.0,21.4,0.0,4.8,8.9
46114,7.9,23.7,0.6,2.6,5.0
46115,11.9,23.5,6.2,2.0,4.4
46116,9.6,20.2,0.0,4.0,0.7
46117,12.9,21.5,26.6,2.0,5.9
46118,7.7,23.7,0.8,1.8,8.6
46119,2.9,19.0,0.0,7.2,10.8
46120,2.8,20.7,0.0,4.4,10.6
46121,5.6,22.1,0.0,3.0,10.4
46122,6.7,19.3,0.0,3.6,7.6
46123,8.8,17.3,0.0,3.8,4.9
46124,9.5,17.9,0.0,3.4,6.6
46125,7.4,17.8,0.0,3.8,7.7
46126,9.8,19.4,0.2,3.0,9.8
46127,7.0,16.8,0.0,2.8,1.0
46128,10.4,14.9,5.2,2.0,3.3
46129,7.2,11.7,10.6,4.4,7.5
46130,5.4,10.8,3.0,3.4,5.8
46131,6.6,14.1,0.0,1.8,6.0
46132,1.8,13.0,0.0,2.4,5.9
46133,2.9,16.6,0.0,2.0,8.6
46134,0.8,16.5,0.0,2.2,6.7
46135,1.0,18.1,0.0,2.2,9.8
46136,4.4,18.5,0.0,1.8,9.6
46137,1.4,19.1,0.0,2.6,9.6
46138,4.6,18.1,0.0,2.2,8.8
46139,4.0,17.1,0.0,2.2,5.1
46140,,17.2,0.0,1.6,9.3
46141,3.1,17.3,0.0,1.6,9.6
46142,0.4,19.8,0.0,2.2,9.6
46143,3.5,17.0,0.0,2.0,7.8
46144,0.2,16.8,0.0,2.4,8.8
46145,1.4,16.8,0.0,2.0,8.5
46146,,15.7,0.0,2.4,9.3
46147,5.1,13.9,0.0,3.4,1.7
46148,9.8,14.4,0.0,4.2,2.1
46149,10.6,15.9,1.6,2.4,8.5
46150,0.3,16.3,0.0,3.0,8.8
46151,0.5,16.6,0.0,2.0,9.1
46152,4.2,17.5,0.0,2.2,4.8
46153,7.2,16.1,0.0,2.0,2.6
46154,7.4,16.3,0.0,1.2,3.7
46155,10.1,15.6,0.2,1.4,4.2
46156,10.1,17.6,0.4,2.2,6.8
46157,9.0,17.6,0.0,2.8,3.1
46158,6.4,18.2,0.0,1.8,6.8
46159,5.0,14.3,0.0,1.6,0.3
46160,9.4,16.8,0.0,1.4,5.7
46161,2.9,14.7,0.0,1.6,5.5
46162,2.6,12.9,0.0,1.4,5.9
46163,1.3,13.6,0.0,1.8,1.9
46164,5.4,13.8,0.2,1.0,4.5
46165,6.1,13.2,0.4,1.2,0.1
46166,5.7,16.2,0.0,0.8,2.0
46167,9.0,14.5,1.6,1.8,0.0
46168,7.0,13.2,8.2,0.6,0.4
46169,10.0,15.2,2.2,0.8,3.7
46170,1.6,12.6,1.2,1.0,5.6
46171,4.5,11.5,0.6,1.2,3.8
46172,7.0,12.2,2.6,2.0,5.4
46173,4.7,9.1,0.2,1.8,3.2
46174,2.3,9.3,2.0,1.4,7.8
46175,,9.0,0.0,1.6,6.2
46176,,4.1,0.2,1.8,0.0
46177,0.6,11.5,0.0,0.4,6.5
46178,,13.8,0.2,1.4,7.7
46179,0.7,12.6,0.2,1.6,5.6
46180,1.3,13.1,0.0,1.2,5.9
46181,1.8,14.5,0.0,1.2,7.1
46182,,13.0,0.0,1.2,3.2
46183,,14.3,0.0,1.4,7.8
46184,0.4,14.7,0.0,1.4,3.3
46185,8.0,13.7,11.0,1.4,1.3
46186,4.1,12.9,2.2,0.6,2.4
46187,4.4,10.6,0.2,0.4,2.4
46188,,13.1,1.0,1.2,3.9
46189,0.6,12.5,0.2,0.8,6.3
46190,3.1,12.5,0.0,1.4,6.2
46191,5.5,15.2,0.0,1.2,4.7
46192,7.8,14.2,1.2,1.8,1.9
46193,6.5,12.8,0.0,1.4,5.2
46194,8.0,16.8,0.0,1.2,5.7
46195,7.5,12.9,9.8,3.4,8.6
46196,6.5,10.8,0.6,3.6,5.0
46197,5.2,10.7,3.4,2.6,8.6
46198,3.7,11.1,0.0,2.6,8.6
46199,2.4,11.8,0.0,2.2,8.6
46200,,8.9,0.0,1.6,6.6
46201,,10.8,0.2,1.8,9.0
46202,,10.9,0.0,1.4,1.2
46203,0.6,12.8,0.0,0.4,6.1
46204,0.7,13.6,0.0,0.8,3.6
46205,3.9,12.8,0.0,1.0,1.3
46206,5.6,14.6,0.0,0.6,9.1
46207,4.9,12.7,0.0,3.4,7.6
46208,4.5,10.2,0.0,3.0,5.9
46209,,11.1,0.0,1.2,5.7
46210,,10.5,0.0,0.6,2.2
46211,0.6,13.6,0.0,1.2,9.2
46212,,11.8,0.0,1.4,7.1
46213,,13.5,0.0,2.4,8.7
46214,1.3,13.9,0.0,1.8,9.1
46215,,16.3,0.0,3.0,9.2
46216,4.4,17.2,0.0,2.6,3.8
46217,5.2,10.2,7.0,2.4,1.6
46218,,11.1,3.0,1.2,8.6
46219,,11.8,0.2,1.4,7.8
46220,,11.0,0.0,1.6,1.2
46221,,12.0,6.2,1.6,7.5
46222,1.7,12.5,0.0,1.2,9.3
46223,3.8,13.8,0.0,3.4,9.0
46224,0.4,12.6,0.0,2.6,5.2
46225,1.8,14.3,0.0,1.6,9.4
46226,,13.7,0.0,2.4,
46227,,12.4,0.0,2.6,
46228,1.2,15.9,0.0,3.2,
46229,,13.4,0.0,2.4,
46230,,13.2,0.0,2.6,
46231,3.3,15.8,0.0,2.2,
46232,5.8,15.2,0.0,2.4,
46233,,13.7,0.0,2.6,
46234,,13.5,0.0,2.0,
46235,,15.2,0.0,1.4,
46236,2.7,15.5,1.6,1.6,
46237,1.5,12.9,11.0,1.6,
46238,4.5,15.5,0.2,1.2,
46239,0.8,15.0,0.0,3.0,
46240,,17.7,0.0,1.8,
46241,,15.2,0.0,2.6,
46242,5.6,13.7,1.4,2.6,
46243,,15.1,0.0,3.4,
46244,,16.2,0.0,2.2,
46245,3.3,17.9,0.0,2.4,
46246,2.1,12.4,0.0,2.8,
46247,3.2,13.9,11.4,2.0,
46248,8.2,18.9,1.6,2.8,
46249,11.5,14.9,0.0,4.6,
46250,5.5,10.9,0.4,4.8,
46251,3.8,11.3,1.0,4.8,
46252,4.7,16.1,0.0,3.4,
46253,1.6,18.7,0.0,4.6,
46254,6.9,17.5,1.6,3.6,
46255,5.8,11.2,6.2,4.0,
46256,5.1,13.4,0.0,4.0,
46257,5.3,15.3,0.4,3.2,
46258,,16.3,0.0,3.2,
46259,1.1,17.6,0.0,2.8,
46260,6.4,18.9,0.6,1.6,
46261,,15.8,0.0,4.8,
46262,,16.1,0.0,4.4,
46263,1.9,12.0,5.0,3.8,
46264,0.9,14.9,5.2,0.6,
46265,2.1,13.7,2.2,1.8,
46266,5.5,14.4,0.0,3.8,
46267,,17.6,0.0,4.0,
46268,4.6,22.4,0.0,3.6,
46269,4.5,25.2,0.0,5.0,
46270,8.0,19.6,0.0,10.2,
46271,4.2,19.1,0.0,4.4,
46272,0.1,23.6,0.0,4.2,
46273,6.4,23.4,0.2,3.8,
46274,10.1,20.4,4.8,5.0,
46275,8.5,19.9,0.0,3.2,
46276,3.7,22.6,0.0,4.8,
46277,1.5,20.4,0.0,4.6,
46278,11.4,21.2,4.8,4.6,
46279,7.4,14.4,27.0,7.8,
46280,7.6,16.1,0.0,3.2,
46281,2.2,19.8,0.0,5.2,
46282,5.6,10.6,3.4,8.0,
46283,2.7,9.2,3.4,3.0,
46284,3.9,14.7,0.0,3.4,
46285,4.3,15.7,0.0,2.0,
46286,0.1,19.3,0.0,4.6,
46287,1.8,25.6,0.0,5.6,
46288,7.0,17.3,0.0,5.6,
46289,8.0,11.6,7.4,3.8,
46290,6.6,12.4,3.0,1.8,
46291,8.6,16.3,0.2,1.2,
46292,2.6,16.2,4.0,3.2,
46293,,11.0,1.2,4.0,
46294,4.2,13.9,1.6,2.8,
46295,,15.7,0.0,4.4,
46296,1.2,15.8,0.0,2.6,
46297,2.8,17.4,0.0,3.4,
46298,2.2,15.2,1.0,3.0,
46299,7.8,15.6,1.8,1.6,
46300,8.5,14.5,2.2,4.6,
46301,8.9,14.1,0.6,3.6,
46302,2.8,16.0,3.0,3.0,
46303,0.2,17.0,1.0,3.8,
46304,8.4,18.5,3.8,3.8,
46305,4.4,20.8,0.0,4.6,
46306,5.9,25.0,0.0,4.4,
46307,3.9,29.1,0.0,7.2,
46308,11.6,26.8,0.0,6.4,
46309,12.2,24.7,0.0,5.2,
46310,8.0,26.1,0.0,7.0,
46311,8.2,18.8,0.0,7.6,
46312,8.0,15.3,14.0,4.2,
46313,6.4,19.5,0.2,2.0,
46314,9.1,25.0,0.0,1.8,
46315,12.8,20.8,0.0,5.2,
46316,8.9,28.4,0.0,3.2,
46317,10.0,28.8,0.0,4.0,
46318,11.5,32.2,0.0,5.6,
46319,13.7,33.4,0.0,6.4,
46320,14.8,32.1,0.8,7.8,
46321,8.9,25.0,0.0,11.0,
46322,10.2,19.1,0.0,3.2,
46323,10.8,20.8,0.0,5.6,
46324,9.2,25.1,0.0,3.4,
46325,7.6,,0.0,5.0,
46326,,31.7,0.0,7.6,
46327,8.9,33.2,0.0,6.6,
46328,9.8,33.7,0.0,8.8,
46329,10.3,35.5,0.0,10.4,
46330,13.9,27.0,0.0,10.2,
46331,7.4,33.3,0.0,4.0,
46332,12.3,34.1,0.0,8.0,
46333,12.0,34.5,0.0,6.8,
46334,10.5,28.0,0.0,13.2,
46335,13.0,31.9,0.0,8.4,
46336,12.9,39.2,0.0,6.2,
46337,16.3,39.9,0.0,10.0,
46338,18.4,30.3,0.8,11.4,
46339,17.6,30.3,0.0,5.6,
46340,14.5,18.5,0.0,9.0,
46341,12.3,21.2,1.8,1.6,
46342,11.8,34.6,0.0,1.8,
46343,14.4,32.8,0.0,8.6,
46344,13.4,26.2,10.6,9.0,
46345,12.4,28.6,0.0,6.8,
46346,12.9,20.2,0.0,14.2,
46347,11.3,18.8,2.2,3.8,
46348,6.7,21.6,4.6,4.4,
46349,6.0,24.6,0.0,7.0,
46350,7.1,28.6,0.0,5.8,
46351,9.6,30.5,0.0,10.4,
46352,10.1,26.8,0.0,11.2,
46353,8.6,30.5,0.0,9.6,
46354,11.7,31.8,0.0,8.6,
46355,11.2,35.2,0.0,11.0,
46356,10.7,23.7,12.2,12.0,
46357,9.9,27.8,0.0,6.2,
46358,11.0,22.8,0.0,10.8,
46359,7.4,27.2,0.0,10.6,
46360,8.9,32.1,0.0,10.0,
46361,15.5,26.7,0.0,9.6,
46362,14.5,32.5,0.0,8.0,
46363,13.6,36.1,0.0,8.4,
46364,14.7,39.1,0.0,11.4,
46365,16.8,26.8,4.4,18.2,
46366,7.6,30.2,0.0,5.2,
46367,13.7,28.5,0.0,11.8,
46368,14.9,32.2,0.0,6.0,
46369,12.2,34.9,0.0,10.4,
46370,13.4,35.8,0.0,11.0,
46371,16.9,35.9,0.0,11.4,
46372,17.9,19.3,12.2,14.0,
46373,13.4,18.2,28.0,3.2,
46374,13.7,27.1,4.8,0.6,
46375,17.2,28.6,9.4,4.8,
46376,14.2,31.2,0.0,5.4,
46377,11.4,28.5,0.0,9.2,
46378,13.2,29.1,0.0,9.2,
46379,19.0,30.4,0.2,6.4,
46380,19.8,30.3,0.0,10.2,
46381,16.4,29.7,0.0,8.6,
46382,14.5,29.3,0.0,8.8,
46383,13.7,30.6,0.0,6.2,
46384,14.2,33.4,0.0,7.8,
46385,13.8,27.4,0.0,11.4,
46386,16.4,32.3,0.0,7.4,
46387,14.5,,0.0,7.6,
46388,,38.6,0.0,11.6,
46389,16.3,38.2,0.0,12.6,
46390,18.9,39.8,0.0,11.6,
46391,24.4,34.9,0.0,17.8,
46392,15.2,27.1,0.0,8.8,
46393,16.2,30.0,0.0,6.2,
46394,15.8,31.5,0.0,7.0,
46395,12.7,27.2,1.8,5.6,
46396,11.5,20.7,0.0,14.4,
46397,3.5,24.9,0.0,7.2,
46398,9.8,31.1,0.0,9.8,
46399,,,0.0,13.0,
46400,,39.0,0.0,12.4,
46401,23.7,36.7,0.0,20.0,
46402,11.4,29.6,0.0,14.6,
46403,12.6,34.4,0.0,,
46404,16.3,36.0,0.0,10.6,
46405,15.7,33.2,0.0,13.6,
46406,18.2,32.9,4.8,8.0,
46407,14.4,33.3,0.0,7.8,
46408,15.5,29.1,0.0,10.8,
46409,14.2,31.3,0.0,7.6,
46410,17.1,32.5,0.0,5.4,
46411,14.4,28.0,0.0,10.8,
46412,17.3,27.9,0.0,10.0,
46413,19.9,29.1,0.0,9.4,
46414,20.1,25.9,3.4,5.2,
46415,16.6,25.2,17.6,4.6,
46416,16.5,26.0,0.0,6.4,
46417,19.5,26.9,0.0,3.4,
46418,,31.5,0.0,3.8,
46419,17.2,33.4,0.0,7.2,
46420,16.0,34.0,0.2,5.6,
46421,20.3,30.7,0.8,7.6,
46422,16.8,19.5,12.8,7.2,
46423,16.8,22.8,56.2,4.2,
46424,16.2,23.9,35.0,3.4,
46425,15.3,25.0,7.2,6.0,
46426,11.9,27.4,0.0,5.6,
46427,11.3,24.2,0.0,6.2,
46428,10.6,25.8,0.0,7.6,
46429,11.8,27.7,0.0,4.0,
46430,14.2,30.9,0.0,7.2,
46431,16.3,31.5,0.0,6.8,
46432,17.2,27.0,0.0,9.6,
46433,10.2,25.1,0.0,8.8,
46434,12.0,25.6,0.0,5.0,
46435,8.9,26.4,0.0,7.0,
46436,11.9,29.3,0.0,6.4,
46437,16.5,26.8,0.0,6.6,
46438,12.8,20.8,9.6,,8.3
46439,9.6,20.1,0.0,6.4,8.8
46440,8.5,25.5,0.0,5.4,12.0
46441,10.5,25.7,0.0,5.4,8.5
46442,14.4,21.3,0.0,6.0,0.0
46443,17.4,27.0,13.2,1.2,7.8
46444,19.2,25.1,0.0,3.8,2.9
46445,18.2,23.9,21.8,4.2,6.3
46446,15.4,22.3,3.6,6.8,10.6
46447,8.3,21.7,0.0,5.2,10.4
46448,7.5,20.5,0.0,4.4,11.7
46449,10.7,20.7,0.0,5.2,3.1
46450,11.8,21.0,0.0,3.6,8.4
46451,9.8,22.2,0.0,4.2,6.3
46452,9.1,24.4,0.0,3.0,8.9
46453,9.9,26.6,0.0,4.6,11.5
46454,10.1,27.3,0.0,5.4,11.6
46455,10.6,28.5,0.0,4.6,10.4
46456,11.0,26.0,0.0,4.0,2.7
46457,10.4,28.9,0.0,3.4,9.8
46458,13.7,27.7,0.0,5.0,6.8
46459,7.7,23.8,0.0,6.0,11.1
46460,7.9,26.5,0.0,4.6,
46461,8.3,26.4,0.0,5.2,10.4
46462,12.1,26.8,0.0,3.8,11.1
46463,8.7,29.1,0.0,4.4,10.7
46464,8.3,27.9,0.0,6.0,9.9
46465,12.8,28.8,0.0,4.6,8.7
46466,17.0,22.8,1.4,5.0,0.1
46467,16.4,20.6,3.4,2.2,1.2
46468,11.5,22.1,35.0,2.6,8.8
46469,6.6,23.1,0.0,3.4,10.8
46470,7.0,20.8,0.0,2.6,5.9
46471,9.2,20.8,0.0,4.2,6.8
46472,8.5,19.9,0.6,3.8,10.0
46473,6.8,21.9,0.0,3.4,10.5
46474,9.0,21.2,0.0,3.6,4.0
46475,14.2,20.0,1.4,2.2,1.0
46476,14.5,22.2,1.0,1.0,9.3
46477,7.9,21.1,0.0,4.0,6.8
46478,8.1,22.6,0.0,3.4,6.5
46479,12.9,20.4,2.8,3.2,9.2
46480,6.1,17.5,0.0,5.4,10.8
46481,0.2,20.3,0.0,3.6,9.9
46482,0.7,21.7,0.0,2.8,8.9
46483,3.9,21.7,0.0,3.6,10.7
46484,7.1,22.2,0.0,3.2,9.5
46485,7.0,23.9,0.0,1.6,10.1
46486,10.1,23.7,0.0,3.0,9.9
46487,9.4,24.7,0.0,3.0,9.5
46488,10.0,24.4,0.0,3.2,7.6
46489,6.1,25.0,0.0,3.0,10.4
46490,7.3,25.4,0.0,2.4,8.9
46491,6.0,25.0,0.0,3.0,8.8
46492,14.8,17.1,0.2,5.2,0.1
46493,10.6,19.2,13.2,2.6,8.8
46494,1.5,16.9,0.2,3.6,10.7
46495,2.5,14.2,0.0,2.0,0.0
46496,3.6,17.9,0.0,1.4,10.5
46497,8.8,18.1,0.0,3.6,10.2
46498,3.6,19.5,0.0,3.8,9.2
46499,5.5,19.8,0.0,3.4,9.3
46500,1.7,21.2,0.0,2.8,10.0
46501,3.2,21.1,0.0,3.2,6.6
46502,6.6,22.5,0.6,2.8,8.1
46503,9.4,13.0,19.6,2.8,5.6
46504,5.4,16.1,0.4,4.2,9.0
46505,1.8,16.8,0.0,3.0,7.0
46506,0.7,19.0,0.0,1.4,9.8
46507,2.0,19.0,0.0,1.4,9.7
46508,1.4,18.9,0.0,2.0,9.8
46509,1.3,18.2,0.0,2.4,9.1
46510,,13.9,0.0,2.4,9.6
46511,,15.9,0.0,2.6,8.8
46512,,17.0,0.0,5.2,7.7
46513,,17.3,0.0,2.4,9.6
46514,,17.0,0.0,1.6,6.1
46515,3.6,16.1,0.0,1.2,2.2
46516,0.0,16.4,0.0,1.6,9.5
46517,,16.9,0.0,1.4,9.0
46518,0.8,14.1,0.0,2.2,6.7
46519,2.0,15.8,0.0,0.8,7.4
46520,0.6,15.0,0.0,1.2,7.5
46521,2.0,15.4,0.0,1.6,7.1
46522,3.7,15.6,0.0,1.8,2.5
46523,7.7,13.8,0.6,1.0,0.0
46524,7.6,14.9,11.2,2.2,3.3
46525,4.9,15.0,0.8,2.4,4.7
46526,7.7,17.0,0.0,1.4,2.7
46527,9.7,13.6,8.4,1.0,0.0
46528,8.9,12.4,20.8,2.8,0.0
46529,9.2,15.8,17.0,2.8,6.3
46530,0.0,15.0,0.0,2.6,7.1
46531,2.1,16.1,0.0,1.8,8.2
46532,4.7,15.9,0.0,1.4,3.5
46533,7.0,15.1,0.0,0.8,1.5
46534,0.3,14.9,0.0,1.6,9.1
46535,,13.6,0.0,0.8,6.3
46536,,13.6,0.0,1.0,8.6
46537,0.3,12.9,0.0,1.4,8.0
46538,3.0,7.7,0.0,1.6,0.7
46539,2.7,12.0,0.0,1.6,9.7
46540,,13.0,0.0,2.4,8.1
46541,,11.5,0.0,1.4,0.8
46542,,11.6,0.0,1.8,9.6
46543,,13.3,0.0,1.6,8.2
46544,,14.6,0.0,1.6,6.7
46545,,15.0,0.0,1.2,5.6
46546,1.8,12.0,5.8,,2.4
46547,4.1,12.1,5.6,4.4,9.8
46548,4.3,13.0,0.0,2.8,5.0
46549,0.5,15.3,0.0,2.6,8.2
46550,2.4,14.4,0.0,1.4,6.2
46551,,13.1,0.0,1.6,3.6
46552,2.8,13.5,0.0,1.2,3.3
46553,7.7,14.9,1.2,0.4,8.0
46554,3.6,14.4,0.0,1.4,1.7
46555,7.3,12.6,7.4,0.8,8.7
46556,,10.7,0.0,1.0,8.0
46557,,8.9,0.0,2.6,7.7
46558,,9.1,0.2,1.9,9.5
46559,,10.4,0.0,2.0,6.5
46560,,11.4,0.0,1.2,5.8
46561,,7.1,0.0,1.6,1.1
46562,0.0,11.5,6.2,0.2,7.1
46563,,12.3,0.0,2.4,8.1
46564,,12.8,0.0,1.0,4.2
46565,2.4,11.3,1.2,0.0,2.2
46566,,13.1,1.0,2.4,7.9
46567,,13.6,0.0,0.8,8.6
46568,,13.2,0.0,0.8,3.1
46569,2.4,12.2,0.4,2.0,0.2
46570,5.6,14.6,0.0,0.4,3.7
46571,,14.4,0.0,1.2,8.6
46572,2.8,14.0,0.0,1.2,0.0
46573,6.7,10.7,39.0,4.6,8.4
46574,1.4,11.4,8.2,2.2,9.4
46575,,12.2,0.2,2.0,6.5
46576,,12.0,0.0,2.0,8.6
46577,,12.2,0.0,2.0,6.7
46578,0.2,9.9,0.0,1.6,0.6
46579,,11.5,0.6,1.4,8.6
46580,,12.0,0.0,0.8,8.4
46581,,12.8,0.0,1.2,7.9
46582,,15.7,0.0,1.6,7.5
46583,,14.7,0.0,1.4,8.6
46584,2.0,14.1,0.0,1.8,6.1
46585,,14.0,0.2,2.4,9.3
46586,,14.1,0.0,0.8,6.5
46587,,13.9,0.0,1.4,1.3
46588,5.0,15.0,4.0,1.0,1.7
46589,6.9,13.0,0.4,1.4,0.4
46590,8.8,15.4,0.8,2.0,4.1
46591,6.4,12.2,0.0,2.4,4.7
46592,3.1,10.7,6.6,1.4,3.5
46593,4.7,13.7,0.0,2.8,8.5
46594,0.7,8.9,0.0,2.6,5.6
46595,4.2,11.6,0.0,2.4,8.7
46596,,12.2,0.0,2.8,8.7
46597,,12.0,0.0,1.6,8.4
46598,,12.1,0.0,1.4,8.6
46599,,15.0,0.0,2.0,9.0
46600,3.3,15.0,10.2,3.4,2.9
46601,5.8,7.9,12.0,4.0,1.2
46602,1.4,11.3,13.2,2.0,3.4
46603,,15.3,0.2,1.4,9.4
46604,4.6,12.0,0.0,1.8,8.2
46605,5.6,14.2,1.0,2.4,5.6
46606,5.5,11.8,1.8,2.8,6.4
46607,,12.4,0.4,2.4,9.7
46608,,11.8,0.0,1.6,3.3
46609,3.4,14.8,16.6,1.8,6.3
46610,4.9,10.9,0.2,4.6,7.9
46611,4.6,11.2,0.0,3.0,7.6
46612,,13.4,0.0,2.8,9.0
46613,2.8,12.8,0.0,2.2,5.3
46614,5.9,12.1,0.2,1.6,5.9
46615,2.4,9.3,0.0,4.0,9.8
46616,3.0,8.9,3.8,2.8,5.6
46617,4.3,12.5,0.0,1.6,8.3
46618,,13.1,0.0,2.8,9.2
46619,1.0,13.7,0.0,2.8,11.1
46620,2.7,14.2,0.0,3.2,10.2
46621,0.5,15.0,0.0,2.2,5.1
46622,4.2,19.0,0.0,3.0,6.6
46623,9.2,16.1,0.0,3.4,1.4
46624,6.6,12.8,0.0,2.6,0.0
46625,8.7,15.7,23.0,6.8,1.2
46626,8.1,12.4,24.2,5.2,8.4
46627,3.9,13.5,0.2,2.0,8.9
46628,,13.6,0.0,3.0,8.5
46629,,14.2,0.0,2.4,9.9
46630,2.7,15.5,0.0,2.0,3.8
46631,8.8,16.0,4.8,2.8,7.8
46632,3.2,16.6,1.2,3.2,11.4
46633,,15.2,0.0,3.8,8.7
46634,6.7,17.8,0.4,4.4,9.3
46635,2.2,15.0,0.0,4.4,1.9
46636,7.0,15.2,9.4,1.6,9.4
46637,6.5,13.7,0.0,5.4,11.0
46638,1.6,14.3,0.0,5.4,11.2
46639,,14.2,0.0,3.6,9.7
46640,0.2,16.8,0.0,4.0,7.0
46641,0.3,18.9,0.0,3.2,8.8
46642,2.1,21.2,0.0,3.2,9.2
46643,8.3,18.0,0.0,3.4,8.4
46644,8.5,18.1,0.0,3.4,6.5
46645,2.2,19.8,0.0,3.6,8.2
46646,3.9,17.7,0.0,4.0,9.5
46647,2.8,20.5,0.0,,9.6
46648,5.7,20.7,0.0,6.4,9.1
46649,8.1,16.9,0.0,6.6,9.6
46650,2.2,13.8,0.0,4.6,8.5
46651,,14.8,0.6,3.8,10.5
46652,,16.2,0.0,4.4,8.9
46653,4.5,18.2,0.0,3.0,1.9
46654,10.9,17.7,3.0,2.6,1.6
46655,10.2,19.3,0.0,2.6,2.8
46656,6.2,23.6,0.4,2.4,7.8
46657,10.9,23.4,0.4,4.4,9.3
46658,12.4,17.9,3.4,3.8,9.6
46659,1.1,19.1,0.0,6.0,9.6
46660,7.9,19.5,0.0,3.6,9.2
46661,8.3,18.4,0.0,3.2,3.9
46662,6.0,19.0,0.0,2.8,3.5
46663,5.3,21.5,0.0,2.4,4.2
46664,11.4,19.1,13.0,3.6,1.5
46665,12.2,19.9,38.6,4.6,10.4
46666,10.1,18.0,14.6,5.2,1.3
46667,3.3,11.3,18.4,2.4,
46668,4.6,16.0,0.0,3.6,11.0
46669,1.8,17.1,0.0,4.4,12.8
46670,1.0,18.4,0.0,4.0,11.7
46671,8.6,20.3,0.0,3.2,11.1
46672,6.1,21.8,0.0,3.6,10.1
46673,6.5,23.5,0.0,3.6,11.4
46674,8.5,20.7,0.4,4.4,4.6
46675,8.8,16.3,3.2,3.2,2.4
46676,3.3,19.7,0.0,2.2,7.7
46677,3.9,21.6,0.0,3.0,11.5
46678,8.9,21.6,0.0,4.6,10.3
46679,9.4,19.4,0.0,4.0,8.9
46680,6.7,22.6,0.0,4.6,5.0
46681,11.1,23.8,0.0,,
46682,14.6,23.8,7.4,2.8,
46683,6.6,19.3,0.0,4.0,6.1
46684,7.6,17.7,15.6,4.8,3.8
46685,3.5,19.0,2.8,1.8,11.2
46686,8.3,13.4,0.0,6.8,1.6
46687,7.7,13.6,0.0,4.4,1.0
46688,4.5,16.8,0.0,2.4,2.6
46689,6.0,22.1,0.0,2.6,10.8
46690,9.4,24.2,4.4,5.4,7.5
46691,9.0,23.6,8.4,3.6,4.6
46692,9.6,24.9,0.0,4.0,6.7
46693,12.9,26.8,6.0,4.0,11.2
46694,12.1,27.7,0.0,6.2,11.8
46695,13.0,27.7,0.0,5.2,8.9
46696,17.5,24.5,2.8,2.6,0.5
46697,19.5,21.0,21.6,,0.5
46698,8.3,21.2,0.6,2.6,7.8
46699,8.7,21.9,0.0,5.4,13.6
46700,6.1,24.2,0.0,5.6,12.3
46701,11.4,19.5,0.0,5.6,4.4
46702,4.5,24.9,0.0,3.6,11.1
46703,7.5,26.8,0.0,4.6,12.4
46704,7.2,26.3,0.0,6.4,12.7
46705,8.6,25.6,0.0,6.0,12.0
46706,10.0,27.2,0.0,5.2,13.1
46707,11.4,27.6,0.0,5.6,12.7
46708,11.7,26.1,0.0,6.0,4.5
46709,10.1,27.5,0.0,4.4,8.3
46710,15.9,18.9,6.0,7.0,1.4
46711,11.4,16.4,36.6,2.6,0.3
46712,11.2,17.5,14.6,3.4,0.0
46713,14.1,19.2,10.8,1.6,0.4
46714,14.8,24.9,9.8,3.4,4.4
46715,13.4,22.4,87.0,,3.1
46716,15.6,26.1,1.6,1.0,5.5
46717,12.2,26.6,29.6,4.4,11.0
46718,13.7,24.5,0.0,5.6,6.6
46719,15.5,27.1,0.0,4.6,10.8
46720,16.2,28.4,0.0,6.0,7.4
46721,18.3,26.2,32.0,6.6,3.8
46722,14.2,24.1,7.0,2.0,11.0
46723,9.7,22.1,0.2,7.2,12.9
46724,13.3,22.9,0.0,5.8,13.6
46725,6.6,24.5,0.0,6.2,11.7
46726,12.6,25.2,0.0,5.6,7.4
46727,12.2,28.3,0.0,3.4,10.8
46728,12.9,25.7,7.2,7.2,10.4
46729,10.9,23.6,0.0,5.6,8.2
46730,13.9,19.4,0.0,6.8,8.8
46731,4.7,21.8,5.4,4.6,5.2
46732,6.8,17.7,7.4,4.0,8.3
46733,9.0,19.9,0.0,4.0,13.0
46734,5.5,24.9,0.0,5.2,12.4
46735,9.1,28.1,0.0,5.0,12.0
46736,13.6,21.7,0.0,6.0,7.1
46737,8.6,29.1,0.0,2.8,7.7
46738,13.3,28.2,0.4,4.2,8.5
46739,14.5,25.5,0.0,,8.4
46740,7.3,21.8,0.0,10.0,11.7
46741,7.8,28.7,0.0,5.2,12.2
46742,11.0,31.5,0.0,6.4,13.4
46743,12.4,33.9,0.0,8.0,11.6
46744,14.6,34.4,,7.4,12.5
46745,17.9,30.9,5.2,9.4,7.6
46746,15.3,20.1,0.0,5.4,4.7
46747,13.5,21.3,0.0,3.4,4.1
46748,10.2,28.5,0.0,3.6,7.5
46749,10.3,24.1,11.0,6.2,9.0
46750,11.0,25.4,0.0,8.0,9.0
46751,16.5,28.9,0.0,5.0,9.1
46752,14.7,22.8,0.0,4.6,1.8
46753,17.8,26.5,15.2,3.8,5.8
46754,17.1,22.3,0.6,4.6,0.2
46755,18.9,25.7,2.6,2.2,1.4
46756,20.0,24.2,9.8,5.0,0.5
46757,17.4,26.1,3.8,2.0,1.0
46758,19.7,31.0,0.2,3.2,10.0
46759,15.2,32.3,0.0,5.8,11.5
46760,16.1,30.4,0.0,6.4,13.2
46761,12.9,26.5,0.0,8.0,11.5
46762,15.1,27.5,0.0,5.4,8.9
46763,13.1,28.2,0.0,5.4,7.5
46764,12.4,30.5,0.0,4.8,11.3
46765,16.0,31.2,0.0,5.4,10.9
46766,13.6,30.2,5.6,5.6,11.0
46767,15.8,30.6,0.0,8.9,8.3
46768,16.6,31.5,0.0,12.4,11.2
46769,15.7,36.9,0.0,6.8,11.4
46770,18.9,34.0,0.0,8.0,11.4
46771,16.5,29.3,0.0,9.0,11.2
46772,13.2,30.1,0.0,7.0,10.9
46773,11.0,33.8,0.0,7.0,11.3
46774,15.8,37.5,0.0,8.4,13.3
46775,16.2,37.1,0.0,6.6,13.2
46776,22.2,34.5,0.0,10.8,8.3
46777,19.8,33.3,50.0,,8.0
46778,20.5,33.1,3.4,4.4,3.7
46779,20.0,32.4,42.0,10.0,5.1
46780,18.5,21.7,4.8,7.0,3.3
46781,6.0,24.9,0.2,4.2,10.5
46782,11.1,24.5,0.0,4.2,5.2
46783,11.1,24.1,0.0,4.2,4.1
46784,7.8,28.1,0.0,12.8,4.5
46785,17.6,24.8,0.0,,1.0
46786,17.6,22.6,9.4,1.4,2.0
46787,14.0,26.2,0.0,3.2,9.0
46788,9.6,23.6,0.0,5.8,
46789,11.0,22.9,0.0,12.6,4.0
46790,14.9,21.3,0.2,3.8,1.3
46791,17.2,27.9,14.6,1.6,8.8
46792,16.5,27.5,0.4,5.6,7.6
46793,17.9,27.8,0.2,3.0,2.4
46794,16.5,26.3,3.2,2.2,8.1
46795,12.3,23.7,0.0,8.2,10.5
46796,9.7,22.6,0.0,7.0,11.6
46797,6.7,25.9,0.0,5.0,
46798,12.4,27.1,0.0,,10.6
46799,13.3,26.6,0.0,5.4,6.3
46800,12.3,28.8,0.2,,6.1
46801,15.8,22.6,0.6,0.8,2.0
46802,14.8,25.8,0.0,0.8,5.7
46803,15.6,24.5,2.0,3.2,5.6
46804,9.0,22.7,0.0,0.7,
46805,9.6,24.7,0.0,,11.0
46806,4.1,25.2,0.0,6.4,10.4
46807,11.5,19.7,0.0,5.6,7.1
46808,11.5,20.1,0.0,4.0,7.7
46809,5.5,25.0,0.0,4.0,10.3
46810,7.8,27.2,,4.0,9.9
46811,12.1,26.4,0.0,4.0,4.7
46812,16.6,20.6,4.8,3.2,0.9
46813,16.4,23.0,13.4,2.2,0.8
46814,13.5,27.6,1.4,2.4,10.1
46815,13.1,29.1,0.0,2.2,8.9
46816,17.9,24.1,6.2,5.0,2.8
46817,13.6,24.9,0.2,3.2,
46818,15.0,27.5,0.0,0.4,6.3
46819,15.6,25.0,0.0,3.4,5.7
46820,13.6,20.1,0.0,5.0,3.8
46821,14.6,21.8,0.0,3.0,4.0
46822,14.0,21.7,0.6,2.4,2.9
46823,14.5,19.7,0.8,3.6,0.0
46824,15.5,24.8,10.6,0.0,6.1
46825,15.6,20.9,1.2,0.3,5.8
46826,11.3,20.2,0.0,5.0,7.1
46827,10.7,22.7,0.0,6.0,6.3
46828,10.4,19.7,0.0,3.0,8.1
46829,6.6,21.2,0.0,3.2,10.2
46830,4.5,22.7,0.0,4.0,9.5
46831,8.4,24.8,0.0,1.6,7.9
46832,8.6,26.0,0.0,8.0,8.1
46833,9.5,20.0,0.2,4.0,5.1
46834,4.2,20.9,0.0,2.2,7.6
46835,9.6,16.2,0.0,1.8,0.2
46836,4.4,18.2,0.0,1.2,2.5
46837,0.8,19.1,0.0,1.8,5.4
46838,,16.1,0.0,1.2,6.9
46839,,14.8,0.0,3.8,8.6
46840,,17.4,0.2,1.6,8.0
46841,,17.2,0.0,2.4,8.4
46842,,14.7,0.0,2.6,
46843,,15.2,0.0,2.6,9.6
46844,2.7,10.7,0.2,2.6,6.7
46845,,12.6,0.0,2.6,8.0
46846,4.8,14.7,0.2,2.6,9.6
46847,,14.0,0.0,2.8,9.6
46848,,14.0,0.0,4.0,8.5
46849,,11.1,0.0,2.0,4.1
46850,,16.5,0.0,1.2,7.9
46851,,17.8,0.0,1.8,7.4
46852,,18.6,0.0,1.4,7.3
46853,,15.5,0.0,1.6,3.5
46854,,19.2,0.0,1.4,
46855,0.3,20.8,0.0,,5.9
46856,7.7,14.0,10.4,1.6,2.2
46857,7.8,15.1,1.0,2.0,5.1
46858,5.9,13.3,0.0,1.4,7.8
46859,,14.5,0.0,3.2,9.2
46860,,14.4,0.0,2.0,8.5
46861,,15.3,0.0,1.8,8.0
46862,,16.8,0.0,1.2,7.0
46863,3.1,14.0,0.0,1.6,1.9
46864,8.6,17.9,0.0,2.0,8.6
46865,3.0,16.4,0.0,2.2,2.5
46866,5.9,17.7,0.0,1.2,5.4
46867,2.5,16.5,0.0,2.2,6.6
46868,4.4,13.2,,2.2,0.6
46869,,11.7,,,5.3
46870,2.0,11.9,0.0,2.6,3.5
46871,,9.0,0.0,1.0,4.0
46872,,8.2,0.6,2.4,9.4
46873,1.7,13.0,0.0,1.8,4.0
46874,3.6,13.1,0.0,2.2,4.8
46875,,13.8,0.0,1.0,8.3
46876,,13.8,0.0,1.8,2.6
46877,3.7,14.2,0.0,2.0,6.1
46878,2.5,14.3,0.0,2.8,5.1
46879,5.3,14.7,0.0,2.0,
46880,3.8,14.9,0.0,,5.8
46881,,12.0,0.0,1.8,6.5
46882,2.2,11.9,0.0,3.2,
46883,,14.3,0.0,,
46884,0.9,15.3,0.0,,7.0
46885,7.4,10.9,0.0,,1.4
46886,3.0,10.4,7.8,2.6,
46887,4.9,14.8,0.0,,8.7
46888,,14.0,0.0,2.0,6.8
46889,,15.9,0.0,1.8,8.1
46890,,14.2,0.2,1.8,8.0
46891,,15.2,0.0,1.2,8.0
46892,,14.5,0.0,1.8,8.2
46893,,14.6,0.2,1.6,
46894,2.2,14.1,0.0,0.6,6.1
46895,,9.4,0.0,2.0,2.8
46896,,13.5,0.0,1.2,4.4
46897,,16.6,0.0,0.0,3.8
46898,4.7,13.5,10.4,3.2,7.3
46899,4.2,9.1,2.8,4.6,5.1
46900,4.9,10.2,0.6,2.4,4.0
46901,3.4,10.5,3.0,1.0,8.5
46902,,9.3,0.0,3.0,5.9
46903,,10.5,0.0,0.8,9.1
46904,3.0,9.1,0.2,2.8,6.1
46905,1.8,10.3,0.4,2.6,9.3
46906,1.8,12.2,0.0,2.8,8.7
46907,3.0,11.0,0.0,2.4,2.1
46908,,11.3,,2.4,7.3
46909,,12.2,0.2,0.8,
46910,,12.2,0.0,,6.0
46911,,14.1,0.0,2.8,3.4
46912,3.0,11.8,1.0,1.4,4.6
46913,,11.8,2.4,1.4,1.3
46914,0.6,15.5,0.4,1.6,7.6
46915,3.7,11.5,0.0,3.2,0.6
46916,4.7,12.1,0.0,1.4,3.4
46917,,13.6,0.0,2.0,9.6
46918,,7.0,0.0,1.8,0.6
46919,0.9,12.3,3.2,0.8,1.8
46920,4.6,14.0,0.4,1.4,8.9
46921,,14.3,0.0,1.8,8.8
46922,,15.2,0.0,2.0,8.4
46923,,15.1,0.2,2.6,7.9
46924,,15.7,0.0,1.4,6.9
46925,,15.3,0.0,1.8,
46926,,17.5,0.2,,8.2
46927,0.6,17.8,0.0,1.6,4.9
46928,1.9,21.3,0.0,1.4,9.5
46929,0.3,20.8,0.0,2.6,9.0
46930,,19.5,0.0,2.6,9.4
46931,7.5,12.9,0.0,3.6,1.6
46932,0.6,14.4,7.2,1.2,5.4
46933,,11.4,0.4,2.0,3.1
46934,,12.8,0.2,1.2,7.1
46935,,13.3,0.0,2.2,6.6
46936,4.1,11.3,1.2,2.4,0.0
46937,1.8,15.4,5.6,0.8,9.0
46938,,12.5,0.2,2.2,3.7
46939,0.0,16.5,0.0,1.2,7.6
46940,,14.4,0.0,2.2,4.0
46941,5.2,18.0,0.0,1.8,7.6
46942,5.1,10.9,1.2,2.4,0.0
46943,6.3,9.5,31.8,2.2,0.4
46944,4.2,15.4,2.0,1.2,6.3
46945,3.6,14.8,0.8,3.0,9.4
46946,3.2,15.8,0.0,2.4,4.9
46947,,14.7,0.0,2.4,2.6
46948,3.0,16.8,0.0,1.8,8.3
46949,,20.1,0.0,2.4,9.9
46950,,19.1,0.0,2.8,8.7
46951,1.1,20.8,0.0,4.0,9.8
46952,,20.5,0.0,4.0,8.6
46953,2.3,17.6,0.0,3.0,8.9
46954,2.6,17.9,0.0,4.6,8.7
46955,3.7,16.2,0.0,3.4,7.0
46956,0.5,16.9,0.0,3.0,9.0
46957,2.5,19.2,0.0,2.6,9.3
46958,2.7,16.1,0.0,3.4,
46959,,19.0,0.0,,9.4
46960,,20.0,0.0,2.8,6.7
46961,7.5,20.0,1.2,2.8,5.2
46962,3.1,17.8,,3.8,2.6
46963,,14.3,7.0,1.8,9.4
46964,,16.3,,3.2,7.3
46965,2.5,14.4,0.0,2.6,3.5
46966,,14.0,0.4,2.6,8.5
46967,,14.8,0.0,3.4,8.5
46968,,15.0,1.0,3.8,10.2
46969,,14.8,0.0,4.0,9.0
46970,,20.6,0.0,3.6,9.6
46971,1.6,17.7,0.0,5.4,11.0
46972,,22.7,,5.4,11.1
46973,0.7,24.1,0.0,5.0,10.0
46974,5.4,25.8,0.0,6.0,11.1
46975,4.1,27.1,0.0,6.6,10.1
46976,12.8,16.6,0.0,9.2,6.0
46977,3.9,19.6,0.8,5.2,11.4
46978,,22.0,0.0,4.2,10.0
46979,1.4,25.3,0.0,5.6,11.4
46980,8.2,15.1,0.0,8.0,2.5
46981,5.4,13.9,9.4,2.8,7.5
46982,,17.3,0.0,2.8,7.6
46983,,20.1,0.0,,8.6
46984,4.9,15.1,0.2,3.2,0.0
46985,9.8,12.6,10.2,2.4,5.0
46986,6.6,13.6,2.4,5.2,7.5
46987,0.2,14.0,0.6,3.0,1.8
46988,1.9,14.7,1.0,1.6,2.8
46989,,17.2,2.8,1.6,10.2
46990,1.0,19.3,0.2,5.0,10.4
46991,,18.5,0.0,4.2,6.8
46992,8.5,14.8,0.0,,0.0
46993,10.5,17.0,6.2,1.2,1.7
46994,8.5,20.9,1.2,0.8,5.9
46995,5.3,17.0,0.6,4.2,6.7
46996,5.4,16.0,0.4,4.4,7.7
46997,3.9,17.5,0.0,5.6,7.0
46998,,19.8,0.0,4.8,10.5
46999,7.7,20.8,0.0,4.8,9.3
47000,8.2,20.8,0.0,4.6,5.1
47001,12.6,23.9,0.0,2.6,7.0
47002,6.9,19.9,0.0,6.0,11.3
47003,1.0,21.0,0.0,7.2,12.4
47004,1.4,22.1,0.0,6.2,11.5
47005,3.4,25.5,0.0,4.4,12.0
47006,4.4,26.5,0.0,6.0,12.5
47007,5.2,27.6,0.0,6.2,12.1
47008,7.1,26.8,0.0,,5.0
47009,8.4,29.3,0.0,4.8,11.6
47010,9.5,30.0,0.0,7.2,9.2
47011,11.1,13.9,4.4,8.4,3.5
47012,8.1,13.9,4.0,0.4,0.0
47013,7.3,18.8,0.0,0.7,3.4
47014,10.0,24.5,0.0,4.2,4.3
47015,12.7,24.1,0.6,5.5,
47016,6.8,20.6,3.2,,
47017,2.3,23.2,0.0,,
47018,8.0,24.9,0.0,,11.5
47019,7.6,22.4,0.0,5.8,6.4
47020,11.2,21.9,0.0,3.2,6.1
47021,4.7,25.8,0.0,4.4,11.6
47022,4.5,29.6,0.0,5.6,11.0
47023,10.1,30.5,0.0,6.6,9.0
47024,15.6,29.1,0.0,6.0,8.6
47025,13.5,28.8,0.6,5.6,3.8
47026,13.9,29.1,14.6,3.4,8.8
47027,15.4,22.0,9.0,6.4,9.0
47028,5.3,23.6,1.2,5.8,10.7
47029,9.4,26.7,0.0,3.6,10.3
47030,8.2,26.7,0.0,5.8,9.8
47031,13.1,30.7,0.0,5.2,11.5
47032,8.3,29.5,0.0,9.0,
47033,8.0,21.6,0.0,,1.9
47034,9.8,25.3,0.0,4.0,
47035,10.3,30.4,0.0,,11.7
47036,11.8,32.7,0.0,6.2,11.7
47037,17.5,19.5,1.8,8.4,2.1
47038,4.7,24.3,2.8,2.2,7.4
47039,7.9,19.6,0.0,4.6,1.9
47040,8.9,21.7,5.0,2.4,6.2
47041,9.2,18.8,0.0,4.4,2.4
47042,10.2,16.2,6.6,4.4,0.4
47043,12.7,25.6,43.4,4.4,6.7
47044,12.5,25.3,1.6,5.6,11.0
47045,8.3,28.6,0.0,6.0,9.7
47046,14.8,31.4,0.0,5.0,7.5
47047,15.3,21.0,26.6,9.0,2.0
47048,5.4,20.9,13.8,3.0,10.0
47049,9.3,19.9,0.0,5.2,7.4
47050,7.7,24.2,0.0,4.8,13.2
47051,10.1,21.1,2.6,6.0,10.3
47052,3.3,19.0,0.0,7.6,9.8
47053,4.0,18.2,0.0,5.8,7.7
47054,6.1,21.3,0.0,4.0,11.6
47055,11.7,22.2,0.0,5.0,8.6
47056,7.5,24.7,0.0,4.0,10.9
47057,11.7,25.9,0.0,6.0,10.4
47058,13.1,24.0,4.6,5.8,3.2
47059,11.6,23.8,15.2,5.4,6.4
47060,11.2,21.4,0.6,3.8,
47061,5.2,21.0,0.0,,8.6
47062,11.1,23.7,0.0,,7.9
47063,10.9,22.1,0.0,11.6,
47064,12.8,24.7,0.0,,
47065,10.4,23.8,0.0,,
47066,14.6,22.3,8.2,14.6,1.8
47067,12.6,24.9,1.6,,
47068,14.1,21.9,,,
47069,14.4,25.1,16.8,8.4,
47070,12.2,27.8,0.6,,
47071,12.3,28.7,0.0,,
47072,11.1,28.8,0.0,,
47073,14.2,24.4,0.0,,
47074,12.1,24.0,0.0,,
47075,12.6,23.0,0.0,,
47076,10.1,26.3,0.0,,
47077,9.6,24.2,0.0,,
47078,7.2,27.4,0.0,,
47079,11.1,31.4,0.0,,
47080,12.7,33.5,0.0,,
47081,16.2,34.7,0.0,,
47082,16.5,30.1,0.0,,
47083,13.9,29.6,0.0,,
47084,14.4,24.5,0.0,,
47085,7.1,30.2,0.0,,
47086,15.8,26.6,3.8,,
47087,15.6,22.9,1.2,,
47088,8.7,24.1,0.0,,9.9
47089,12.4,18.6,0.0,6.4,10.2
47090,1.6,22.7,0.4,6.4,
47091,4.8,27.5,0.0,,
47092,14.3,24.6,0.0,,
47093,12.2,20.8,0.0,,
47094,11.6,26.3,0.0,,
47095,10.4,29.4,0.0,,
47096,10.1,32.5,0.0,,
47097,13.4,31.8,0.0,,
47098,11.4,33.6,0.0,,
47099,14.6,28.3,24.2,,
47100,14.5,23.7,0.2,,
47101,13.8,22.6,0.0,,
47102,8.7,27.8,0.2,,
47103,13.2,25.3,0.0,,
47104,16.4,27.3,0.0,,
47105,15.6,25.0,0.0,,
47106,15.0,30.6,0.0,,
47107,12.3,30.5,0.0,,
47108,18.8,27.8,16.2,,
47109,14.2,27.7,0.6,,
47110,12.9,19.4,0.0,,
47111,10.9,17.4,0.0,,
47112,12.7,17.4,24.2,,
47113,14.0,27.8,11.2,,
47114,11.6,30.0,0.2,,
47115,15.4,26.5,0.0,,
47116,14.2,22.0,0.0,,
47117,15.3,22.3,0.0,,
47118,14.8,23.2,0.0,,
47119,14.5,26.1,7.6,2.6,7.0
47120,8.9,24.0,2.8,4.4,6.0
47121,9.5,26.1,0.6,3.2,10.0
47122,9.7,26.9,0.0,7.8,9.0
47123,14.8,25.7,0.0,4.8,6.0
47124,9.3,26.9,4.0,8.8,8.7
47125,10.5,28.6,0.0,5.5,8.4
47126,11.4,27.9,1.0,3.8,5.0
47127,10.1,27.6,20.2,11.4,8.4
47128,14.8,28.1,3.6,5.1,7.0
47129,12.6,25.7,7.8,3.8,1.5
47130,12.5,24.7,6.8,0.5,9.0
47131,12.9,24.6,0.0,9.4,6.8
47132,9.6,27.9,0.0,2.4,10.1
47133,11.7,30.2,0.0,8.3,12.0
47134,10.1,31.3,0.0,6.5,9.6
47135,15.9,24.8,0.0,6.8,2.0
47136,18.3,21.6,4.4,0.4,0.1
47137,19.0,21.2,5.2,1.4,0.0
47138,16.5,19.9,26.8,1.8,0.0
47139,13.7,21.2,58.8,,0.0
47140,13.1,16.6,30.6,1.6,
47141,12.9,16.6,1.0,1.0,0.0
47142,14.0,21.8,62.4,,2.0
47143,9.1,24.7,5.6,0.2,8.9
47144,13.5,22.5,1.0,8.8,4.5
47145,7.6,17.9,2.8,0.4,1.7
47146,10.6,19.3,0.2,6.4,1.1
47147,9.2,24.1,2.8,0.2,8.0
47148,7.9,25.1,0.0,4.4,10.5
47149,13.4,24.1,0.0,6.8,9.0
47150,12.0,22.8,0.0,3.4,4.0
47151,11.4,26.2,0.0,3.4,10.0
47152,11.9,27.2,0.0,4.8,9.6
47153,12.1,27.0,0.0,4.8,10.1
47154,12.2,26.1,0.0,5.4,4.0
47155,14.4,24.1,3.4,2.8,7.2
47156,7.4,21.0,8.6,4.6,8.8
47157,10.3,20.9,0.0,7.4,4.5
47158,8.0,23.8,0.6,1.4,8.5
47159,7.6,26.1,0.0,3.8,9.5
47160,10.7,19.4,0.0,6.8,3.0
47161,8.5,17.2,0.0,2.2,8.7
47162,6.3,17.9,0.0,6.0,10.8
47163,2.2,19.9,0.0,4.4,10.1
47164,9.1,22.6,0.0,3.0,10.0
47165,9.3,19.4,0.0,3.4,2.3
47166,13.2,18.6,15.4,1.4,1.3
47167,6.1,23.6,0.2,2.2,8.4
47168,7.1,23.7,0.0,3.8,10.7
47169,6.9,24.7,0.0,2.2,10.0
47170,8.4,24.6,0.0,4.2,4.6
47171,8.3,23.3,0.1,3.5,7.0
47172,7.7,26.3,0.0,2.6,8.4
47173,10.7,26.4,0.0,3.0,7.6
47174,12.9,24.8,0.0,4.0,4.3
47175,12.0,25.4,0.0,1.8,9.3
47176,11.7,21.6,0.0,2.6,9.6
47177,8.4,21.1,0.0,4.6,6.3
47178,0.9,18.1,0.0,4.6,9.0
47179,0.6,14.5,0.8,5.0,10.0
47180,2.1,18.3,0.0,4.6,9.3
47181,,20.0,0.0,3.4,9.7
47182,1.7,21.6,0.0,3.4,9.0
47183,2.1,17.0,0.0,2.8,1.1
47184,3.7,22.4,0.0,1.0,8.5
47185,4.6,23.5,0.0,2.6,9.0
47186,5.3,20.8,0.0,2.6,7.9
47187,12.0,20.3,1.6,3.0,0.5
47188,14.1,22.6,12.2,1.2,3.0
47189,10.8,20.0,0.2,1.8,0.8
47190,11.1,21.4,0.0,1.6,3.0
47191,9.6,18.4,0.0,1.2,2.4
47192,5.7,21.2,0.4,1.4,2.6
47193,6.2,11.7,1.2,1.8,1.5
47194,5.5,13.6,0.4,2.6,6.9
47195,2.5,17.0,0.0,2.6,6.0
47196,2.9,18.1,0.0,1.6,8.0
47197,3.9,19.4,0.0,3.2,6.6
47198,2.0,17.7,0.0,2.0,7.2
47199,,15.6,0.0,2.6,4.2
47200,0.5,18.7,0.0,0.4,7.2
47201,1.8,13.4,0.0,2.6,1.2
47202,7.8,15.1,1.6,0.4,8.0
47203,,15.7,0.0,3.2,9.0
47204,,16.3,0.0,2.0,6.8
47205,,14.1,0.0,1.8,5.0
47206,,11.9,0.0,1.6,1.1
47207,,18.2,0.0,0.8,7.8
47208,0.0,21.6,0.0,2.2,8.3
47209,2.3,22.2,0.0,2.8,9.5
47210,7.7,20.8,0.4,3.6,9.9
47211,0.1,14.4,0.0,4.6,9.0
47212,5.0,12.6,0.0,2.8,7.0
47213,,14.0,0.0,2.0,9.7
47214,,15.8,0.0,2.6,8.0
47215,,15.2,0.0,1.2,7.6
47216,,15.3,0.0,1.0,6.2
47217,,16.4,0.0,2.2,7.1
47218,,16.7,0.0,,7.8
47219,,16.1,0.0,2.2,4.8
47220,1.3,15.9,0.0,0.8,8.0
47221,,15.9,0.0,2.4,8.5
47222,,17.1,0.0,2.0,8.0
47223,,14.0,0.0,3.2,2.2
47224,6.7,9.8,16.2,2.0,3.1
47225,4.1,12.3,15.0,,7.3
47226,0.6,14.5,0.0,,7.8
47227,,13.9,0.0,0.8,7.3
47228,,15.7,0.0,1.2,7.6
47229,,14.7,0.0,1.6,6.4
47230,1.9,15.7,0.0,0.8,8.5
47231,0.1,12.9,0.0,1.4,0.4
47232,5.5,9.9,1.0,1.0,0.0
47233,7.7,14.8,17.6,0.8,4.1
47234,0.2,14.5,0.0,0.0,3.9
47235,4.1,10.8,14.6,0.2,0.5
47236,4.2,12.2,5.2,0.4,7.6
47237,,12.1,0.0,1.6,8.0
47238,,12.4,,3.4,7.7
47239,,13.5,0.0,0.8,7.6
47240,,13.5,0.2,1.2,5.5
47241,,13.4,0.2,0.8,3.8
47242,1.9,13.9,0.0,1.6,3.0
47243,2.1,15.7,0.0,0.6,5.7
47244,4.4,14.8,0.0,1.6,3.4
47245,4.7,16.3,0.0,1.0,6.7
47246,1.3,9.4,0.0,2.4,0.5
47247,4.0,12.4,0.8,0.0,2.3
47248,0.1,13.0,0.0,2.8,8.2
47249,,14.8,0.0,2.6,8.5
47250,,11.0,0.0,,5.0
47251,,14.3,0.0,3.0,5.9
47252,7.1,11.2,7.0,3.4,4.5
47253,,10.6,0.2,,8.0
47254,,14.0,0.0,,8.2
47255,,14.8,0.0,2.8,6.2
47256,,9.3,0.0,1.0,0.1
47257,1.7,11.4,0.0,0.8,1.4
47258,,14.5,0.2,0.4,3.8
47259,2.7,14.5,0.0,0.8,2.3
47260,3.8,12.0,0.8,0.4,5.2
47261,0.7,10.5,0.0,2.0,3.4
47262,,12.5,0.4,1.4,7.5
47263,,12.0,0.0,1.4,7.6
47264,,11.5,0.0,1.2,7.5
47265,,11.1,0.0,1.8,4.9
47266,,12.4,0.0,1.4,7.4
47267,,12.7,0.0,,7.2
47268,,13.2,0.0,,7.6
47269,,14.5,0.0,1.2,7.6
47270,,10.3,0.0,1.6,
47271,4.7,13.4,22.4,,
47272,1.1,13.1,0.0,2.4,0.2
47273,7.1,16.6,6.8,0.2,7.5
47274,6.4,13.7,0.0,,5.0
47275,4.4,10.5,2.2,2.8,7.2
47276,4.1,13.7,0.0,2.0,4.0
47277,3.3,14.0,0.0,0.2,5.5
47278,2.7,13.6,0.0,1.4,7.4
47279,,12.8,0.0,2.2,8.0
47280,,15.2,0.0,1.8,8.2
47281,,14.1,0.0,,8.3
47282,,12.5,0.0,,4.8
47283,0.9,14.2,0.0,1.4,7.7
47284,,13.2,0.0,1.8,6.2
47285,,14.3,0.0,1.0,4.8
47286,1.9,15.0,3.0,2.0,4.0
47287,,11.7,0.0,1.2,4.1
47288,,13.9,0.1,1.3,6.7
47289,,12.6,0.0,1.8,5.2
47290,,12.2,0.0,1.0,7.9
47291,0.0,11.6,0.0,2.6,8.0
47292,2.4,11.7,0.0,2.0,7.5
47293,,12.5,0.0,2.0,6.2
47294,,13.4,0.0,2.0,5.0
47295,0.3,14.4,0.0,2.2,5.0
47296,0.6,15.0,2.0,2.2,6.3
47297,4.7,11.0,1.2,3.4,8.9
47298,,13.4,0.0,2.6,8.9
47299,,15.4,0.0,2.2,8.8
47300,5.7,12.7,0.0,4.2,8.0
47301,,12.6,0.0,3.8,10.0
47302,1.4,13.9,0.0,4.9,10.6
47303,4.1,14.5,0.0,3.7,9.2
47304,,15.0,0.0,3.2,7.1
47305,,13.3,0.2,1.2,2.0
47306,,17.2,0.0,3.4,7.6
47307,,14.4,0.0,2.6,3.9
47308,0.7,9.6,3.2,1.8,1.9
47309,2.1,12.2,12.4,2.2,6.7
47310,,13.4,0.0,2.4,7.3
47311,,12.0,0.0,2.2,8.1
47312,,14.6,0.0,2.0,8.3
47313,,19.4,0.0,2.8,6.0
47314,4.5,12.8,4.2,1.2,0.0
47315,3.3,9.2,15.0,1.2,3.5
47316,2.3,12.3,2.0,,
47317,2.7,14.3,0.0,,9.0
47318,,14.6,0.0,4.1,9.0
47319,,15.6,0.2,2.0,4.0
47320,,16.6,0.0,2.2,3.9
47321,2.1,12.9,0.0,2.6,8.0
47322,1.4,11.1,0.0,5.0,7.6
47323,,14.5,5.8,,8.6
47324,,16.8,0.0,3.3,10.3
47325,,20.1,0.0,3.2,8.6
47326,,20.7,0.0,2.8,9.3
47327,,22.7,0.0,5.2,7.8
47328,8.2,17.1,1.2,7.2,7.0
47329,7.0,11.3,0.0,5.8,
47330,6.2,14.5,0.6,,9.0
47331,0.0,18.3,0.0,,10.1
47332,,19.6,0.0,,10.0
47333,,18.5,0.0,3.6,8.6
47334,,20.3,0.0,3.2,7.5
47335,1.7,13.8,0.0,4.0,3.0
47336,,15.2,3.6,1.4,9.5
47337,,17.6,0.0,,8.5
47338,1.0,18.2,0.0,,5.0
47339,5.0,17.5,0.0,3.8,3.1
47340,5.5,19.9,0.0,2.4,7.0
47341,2.3,18.1,2.4,3.0,7.0
47342,7.9,20.5,0.0,3.0,7.0
47343,4.9,19.6,2.2,3.4,11.0
47344,0.1,20.2,0.0,4.6,11.0
47345,0.1,22.3,0.0,,10.5
47346,,16.4,0.0,8.0,11.0
47347,,18.3,0.0,5.6,10.1
47348,8.4,20.3,0.0,4.0,8.1
47349,3.3,23.3,0.0,4.0,4.0
47350,10.3,18.0,1.0,4.8,0.0
47351,8.1,12.4,23.8,2.6,11.1
47352,3.1,13.9,1.0,6.4,
47353,,18.2,0.0,,9.2
47354,,21.3,0.0,6.0,10.1
47355,,24.1,0.0,3.8,10.8
47356,3.0,25.0,0.0,4.4,10.7
47357,5.8,27.3,0.0,9.0,10.1
47358,11.1,14.6,0.0,10.0,0.2
47359,0.1,17.4,5.8,0.0,9.0
47360,4.5,16.5,0.0,5.0,4.2
47361,3.2,16.2,0.0,3.2,4.1
47362,,17.8,0.0,2.4,9.0
47363,5.2,8.6,23.6,4.6,
47364,2.4,14.9,33.0,,
47365,0.2,15.0,0.0,,
47366,1.6,18.6,2.8,,9.0
47367,1.7,23.7,0.0,1.4,7.0
47368,6.9,24.6,0.0,6.2,8.0
47369,9.2,21.7,0.0,8.6,10.9
47370,4.3,22.0,0.0,7.6,9.1
47371,4.5,26.1,0.0,3.4,11.0
47372,5.6,25.9,0.0,,11.0
47373,4.6,22.0,0.0,9.2,10.9
47374,2.6,15.9,0.0,10.6,10.5
47375,,19.6,0.0,7.0,10.0
47376,0.4,22.9,0.0,4.0,
47377,4.7,26.7,0.0,,
47378,3.6,20.9,0.0,,
47379,1.3,19.5,0.0,,11.0
47380,3.1,20.9,0.0,8.8,10.9
47381,6.0,23.5,0.0,5.2,10.0
47382,6.0,26.1,0.0,5.2,9.7
47383,5.5,28.8,1.6,5.6,11.0
47384,8.6,23.8,0.0,6.4,5.0
47385,1.0,21.6,0.0,5.8,9.0
47386,8.2,18.6,0.0,6.0,1.1
47387,6.1,25.4,0.0,2.6,10.8
47388,8.0,29.6,0.0,5.2,6.2
47389,13.7,29.6,0.0,8.0,4.2
47390,16.1,19.3,9.0,1.0,0.0
47391,11.2,25.0,8.6,2.6,9.0
47392,10.0,22.2,0.2,6.0,11.0
47393,6.8,19.4,0.0,7.6,10.5
47394,2.3,21.4,0.0,,11.0
47395,4.0,26.0,0.0,6.0,9.7
47396,8.5,26.2,0.0,7.0,11.4
47397,9.2,22.7,0.0,7.0,7.1
47398,11.5,25.7,0.0,4.0,5.7
47399,11.2,23.8,0.0,6.4,6.0
47400,8.3,22.5,1.4,4.4,7.1
47401,10.4,21.9,0.0,5.4,8.9
47402,4.2,20.6,0.0,6.4,7.0
47403,3.6,22.3,0.0,4.8,10.8
47404,5.3,28.9,0.0,6.0,7.0
47405,12.6,22.3,0.0,7.2,10.0
47406,9.8,26.7,0.0,6.0,12.2
47407,8.9,29.9,0.0,4.8,11.0
47408,9.4,33.4,0.0,8.6,12.1
47409,9.4,31.3,0.0,9.0,5.1
47410,12.3,27.9,0.0,5.2,2.8
47411,14.4,25.5,9.8,5.2,2.8
47412,16.2,33.7,0.0,4.6,
47413,18.0,35.1,0.0,,
47414,7.9,32.7,0.0,11.4,
47415,10.8,31.3,0.0,11.2,
47416,12.2,32.1,0.0,9.4,
47417,11.1,36.8,0.0,8.8,
47418,15.5,40.1,0.0,11.2,
47419,16.5,37.7,9.0,11.8,
47420,15.1,35.8,0.8,8.8,
47421,17.0,38.0,0.2,9.8,
47422,16.2,25.8,0.0,17.2,
47423,10.0,29.7,0.0,10.0,
47424,11.4,35.7,0.0,7.4,
47425,13.5,37.6,0.0,11.2,
47426,17.3,27.6,0.0,8.4,
47427,8.2,22.8,4.2,3.8,
47428,5.6,28.7,0.0,7.8,
47429,10.3,34.4,0.0,8.0,
47430,11.4,36.9,0.0,7.8,
47431,13.6,42.0,0.0,12.6,
47432,16.9,25.9,0.0,15.8,
47433,15.1,29.6,0.0,5.0,
47434,16.1,34.9,0.0,7.0,
47435,14.4,35.5,0.0,10.0,
47436,13.7,28.5,0.0,13.0,
47437,15.3,32.0,0.0,9.0,
47438,13.0,33.1,0.0,9.2,
47439,20.5,33.7,0.0,11.0,
47440,16.9,30.3,43.0,9.4,
47441,18.4,25.8,0.4,5.2,
47442,16.7,26.2,15.0,3.8,
47443,16.7,29.0,0.0,7.8,
47444,14.0,31.0,0.0,8.4,
47445,11.9,19.8,11.8,,
47446,11.8,18.3,0.0,7.0,
47447,12.9,23.4,0.0,3.6,
47448,8.7,24.8,0.0,4.2,
47449,11.4,26.3,0.0,7.8,
47450,7.4,27.9,0.0,5.6,
47451,8.9,31.3,0.0,5.6,
47452,9.0,27.1,0.0,6.4,
47453,10.0,28.8,0.0,6.4,
47454,11.9,31.8,0.0,4.8,
47455,12.7,28.1,0.0,5.0,
47456,13.6,29.2,0.0,4.2,
47457,10.1,29.6,0.0,4.8,
47458,16.6,26.9,0.0,7.4,
47459,16.5,27.8,0.0,5.8,
47460,15.6,28.3,0.0,4.8,
47461,9.4,19.5,0.0,9.4,
47462,3.7,21.7,0.0,7.2,
47463,4.1,23.2,0.0,4.4,
47464,5.8,26.1,0.0,4.6,
47465,9.5,25.7,0.6,6.2,
47466,14.5,22.8,12.6,5.0,
47467,8.3,24.4,0.0,2.0,
47468,5.7,26.0,0.0,6.0,
47469,4.9,26.5,0.0,6.6,
47470,9.3,27.5,0.0,5.2,
47471,8.4,30.6,0.0,4.1,
47472,14.9,26.4,0.0,7.8,
47473,4.6,21.6,1.6,2.4,
47474,3.8,23.3,0.0,5.8,
47475,3.2,23.4,0.0,6.0,
47476,6.7,23.1,0.0,3.4,
47477,3.0,24.1,0.0,,
47478,8.3,18.7,0.0,5.6,
47479,5.3,18.2,0.0,3.2,
47480,9.2,22.6,0.0,1.6,
47481,4.9,22.1,0.0,2.8,
47482,5.0,24.6,1.4,2.6,
47483,4.2,24.4,0.0,3.8,
47484,4.3,24.3,0.0,4.6,
47485,6.9,25.0,0.0,3.0,
47486,4.6,26.3,0.0,3.6,
47487,9.7,25.3,0.0,3.8,
47488,5.2,24.9,0.0,3.8,
47489,5.8,26.9,0.0,4.8,
47490,9.4,24.5,0.0,4.2,
47491,10.5,19.9,1.2,2.8,
47492,3.4,21.3,0.0,2.8,
47493,8.2,22.2,0.2,3.2,
47494,6.8,14.9,0.2,4.4,
47495,7.7,17.4,0.6,2.6,
47496,0.1,18.5,0.0,3.4,
47497,7.4,17.4,3.4,4.0,
47498,3.1,19.8,0.0,2.6,
47499,,18.7,0.0,2.6,
47500,,20.2,0.0,3.4,
47501,4.0,23.4,0.0,3.2,
47502,0.6,23.1,0.0,5.4,
47503,9.3,25.7,0.0,4.4,
47504,3.8,24.1,0.0,7.0,
47505,12.1,21.8,2.8,2.6,
47506,5.3,21.2,0.0,2.0,
47507,0.4,17.0,0.0,3.8,
47508,,20.2,0.0,3.2,
47509,6.9,23.8,0.0,3.8,
47510,,16.0,0.0,5.0,
47511,,17.8,0.0,3.8,
47512,3.6,18.2,0.0,3.2,
47513,7.1,20.6,0.0,2.4,
47514,0.7,22.2,0.0,3.4,
47515,0.5,24.1,0.0,3.2,
47516,1.0,23.1,0.0,2.8,
47517,3.6,21.0,0.0,2.4,
47518,7.7,13.8,0.0,3.2,
47519,0.8,14.1,2.4,0.0,
47520,0.5,13.4,0.2,2.8,
47521,7.8,14.6,0.0,2.0,
47522,6.2,14.6,0.0,4.0,
47523,,15.3,0.0,3.8,
47524,,16.6,0.0,2.8,
47525,,15.8,0.0,2.8,
47526,4.1,17.8,0.0,2.4,
47527,,12.5,0.0,3.4,
47528,3.5,14.4,3.2,0.6,
47529,0.8,15.7,0.0,3.0,
47530,,15.3,0.2,1.4,
47531,,11.2,0.0,1.6,
47532,,16.4,0.0,1.0,
47533,1.8,17.8,0.0,1.4,
47534,0.5,18.9,0.0,0.8,
47535,2.9,18.2,0.0,,
47536,5.9,18.5,0.6,2.4,
47537,8.4,13.5,1.2,1.0,
47538,9.0,13.4,27.6,,
47539,,13.2,0.6,4.8,
47540,,16.7,0.0,1.6,
47541,,14.5,0.2,1.6,
47542,2.0,14.8,0.0,,
47543,5.3,16.5,0.0,,
47544,,14.2,0.0,,
47545,,15.0,0.0,,
47546,,14.1,0.0,,
47547,3.0,15.3,0.2,,
47548,,11.5,0.0,,
47549,5.5,14.3,15.0,,
47550,6.6,15.1,0.2,,
47551,6.3,14.4,0.0,,
47552,0.7,14.3,0.0,,
47553,,13.7,0.0,,
47554,,13.8,0.2,,
47555,2.4,12.1,3.4,,
47556,,12.2,0.0,,
47557,,12.9,0.0,,
47558,,12.1,0.0,,
47559,,11.4,0.2,,
47560,5.1,10.0,6.2,,
47561,6.1,13.3,25.8,,
47562,4.7,15.6,0.0,,
47563,0.3,15.4,0.0,,
47564,4.5,14.7,0.2,,
47565,7.9,12.1,3.2,,
47566,0.3,15.5,1.0,,
47567,0.4,11.6,0.0,,
47568,0.5,8.0,0.2,,
47569,1.2,10.5,0.0,,
47570,,13.3,0.0,,
47571,6.5,11.8,0.2,,
47572,3.9,12.3,0.0,,
47573,0.0,13.3,0.0,,
47574,,13.8,0.0,,
47575,,13.1,0.0,,
47576,2.5,13.1,0.0,,
47577,1.0,14.9,0.0,,
47578,0.2,15.4,0.0,,
47579,0.8,15.5,0.0,,
47580,0.8,11.0,0.2,,
47581,7.7,12.2,1.6,,
47582,8.8,14.5,5.6,,
47583,7.1,17.1,5.2,,
47584,2.6,17.4,0.4,,
47585,6.7,14.2,8.4,,
47586,6.1,10.6,6.0,,
47587,1.6,8.7,9.4,,
47588,0.7,10.0,0.0,,
47589,2.7,13.7,0.0,,
47590,0.9,14.1,0.0,,
47591,,13.3,0.0,,
47592,,13.4,0.2,,
47593,,15.3,0.0,,
47594,,14.7,0.0,,
47595,2.3,15.2,0.0,,
47596,7.2,17.1,5.2,,
47597,3.8,15.1,0.2,,
47598,,15.0,0.0,,
47599,,15.3,0.0,,
47600,4.5,12.0,0.0,,
47601,6.2,12.1,0.0,,
47602,4.6,12.7,0.0,,
47603,6.7,10.5,0.2,,
47604,,11.5,5.2,,
47605,3.9,11.8,4.0,,
47606,,11.1,0.0,,
47607,2.8,18.9,0.0,,
47608,,15.8,0.0,,
47609,0.1,13.8,2.0,,
47610,4.1,14.2,1.2,,
47611,6.4,16.9,0.0,,
47612,2.3,13.7,1.4,,
47613,,16.1,0.0,,
47614,1.4,15.9,2.8,,
47615,5.5,16.5,0.0,,
47616,5.9,11.5,0.0,,
47617,0.2,10.2,0.2,,
47618,1.9,11.7,0.0,,
47619,2.5,12.1,0.0,,
47620,5.7,12.6,1.8,,
47621,5.4,17.2,0.0,,
47622,1.9,16.9,0.0,,
47623,,15.8,0.0,,
47624,1.1,19.1,0.0,,
47625,,20.8,0.0,,
47626,3.5,18.6,0.0,,
47627,9.4,19.2,8.2,,
47628,2.0,19.6,0.0,,
47629,,21.8,0.0,,
47630,0.9,25.2,0.0,,
47631,2.8,24.1,0.0,,
47632,3.3,21.7,0.0,,
47633,5.1,22.1,0.0,,
47634,6.3,22.6,0.0,,
47635,6.5,24.2,0.0,,
47636,3.3,20.4,0.0,,
47637,3.1,23.3,0.0,,
47638,10.4,20.4,0.0,,
47639,6.0,16.4,0.0,,
47640,3.2,17.5,0.0,,
47641,,14.9,0.0,,
47642,7.2,18.2,15.2,,
47643,7.3,19.0,0.4,,
47644,8.3,13.6,0.0,,
47645,10.9,13.8,57.8,,
47646,10.7,18.3,13.4,,
47647,6.7,13.8,3.2,,
47648,2.0,14.8,0.0,,
47649,0.1,18.2,0.2,,
47650,0.1,18.1,0.0,,
47651,1.8,23.4,0.0,,
47652,6.0,23.3,0.0,,
47653,5.0,24.9,0.0,,
47654,4.4,19.3,0.0,,
47655,,19.3,0.8,,
47656,,18.6,0.0,,
47657,1.0,20.9,0.0,,
47658,2.2,24.2,0.0,,
47659,8.7,22.0,0.0,,
47660,4.1,17.3,0.4,,
47661,6.2,16.8,0.0,,
47662,,18.5,0.0,,
47663,0.5,20.3,0.0,,
47664,3.5,26.1,0.0,,
47665,2.9,20.2,0.0,,
47666,1.7,19.1,0.0,,
47667,1.6,24.8,0.0,,
47668,6.6,28.5,0.0,,
47669,4.7,20.9,0.0,,
47670,0.5,24.0,0.0,,
47671,2.6,26.4,0.0,,
47672,1.5,15.6,2.2,,
47673,,19.4,0.0,,
47674,1.1,23.3,0.0,,
47675,13.7,21.2,0.0,,
47676,,20.5,0.0,,
47677,0.9,24.4,0.0,,
47678,2.5,27.2,0.0,,
47679,5.8,32.1,0.0,,
47680,13.6,22.3,6.6,,
47681,15.5,19.9,4.2,,
47682,7.9,16.0,0.0,,
47683,,19.0,0.0,,
47684,,22.1,0.0,,
47685,0.9,21.0,0.0,,
47686,10.1,23.1,0.0,,
47687,6.0,20.4,0.0,,
47688,0.6,22.1,0.0,,
47689,3.3,24.6,0.0,,
47690,9.2,25.9,0.0,,
47691,5.1,27.0,0.0,,
47692,5.7,26.1,0.0,,
47693,,18.6,0.0,,
47694,,23.5,0.0,,
47695,1.9,26.8,0.0,,
47696,5.2,30.8,0.0,,
47697,9.9,32.0,0.0,,
47698,13.0,22.1,6.0,,
47699,8.9,11.9,0.2,,
47700,6.4,14.6,27.2,,
47701,9.5,23.0,38.6,,
47702,4.2,20.0,0.0,,
47703,5.7,21.3,0.0,,
47704,4.6,23.1,0.0,,
47705,10.3,19.0,4.0,,
47706,4.3,21.4,0.0,,
47707,4.8,22.5,0.0,,
47708,4.2,27.9,0.0,,
47709,7.4,29.3,1.0,,
47710,11.5,27.7,0.0,,
47711,12.9,26.0,26.6,,
47712,6.8,23.3,0.0,,
47713,5.7,22.5,0.0,,
47714,7.4,20.6,1.2,,
47715,2.9,22.9,0.2,,
47716,5.0,27.3,0.0,,
47717,8.6,31.6,0.0,,
47718,13.7,21.8,0.4,,
47719,6.9,22.7,0.2,,
47720,7.9,23.5,0.0,,
47721,7.9,29.3,0.0,,
47722,10.2,31.5,0.0,,
47723,14.9,32.4,0.0,,
47724,11.9,17.4,10.2,,
47725,5.2,19.6,2.4,,
47726,2.7,24.1,0.0,,
47727,6.6,28.2,0.0,,
47728,13.0,32.6,0.0,,
47729,15.6,22.8,0.0,,
47730,5.6,23.3,0.0,,
47731,4.9,26.5,0.0,,
47732,5.7,28.7,0.0,,
47733,13.1,25.0,0.0,,
47734,13.8,26.5,1.8,,
47735,14.8,27.3,0.0,,
47736,12.1,30.7,4.4,,
47737,13.8,31.9,0.0,,
47738,12.7,35.1,0.0,,
47739,14.4,37.2,0.0,,
47740,17.2,31.3,0.0,,
47741,16.9,38.1,0.0,,
47742,19.0,27.6,0.0,,
47743,9.4,24.9,0.0,,
47744,15.0,21.9,0.0,,
47745,8.9,29.9,0.4,,
47746,10.3,30.2,4.0,,
47747,13.3,33.1,0.0,,
47748,14.7,30.4,0.0,,
47749,13.3,30.4,0.0,,
47750,10.6,31.4,0.0,,
47751,10.1,26.9,0.0,,
47752,15.9,27.4,0.0,,
47753,17.2,35.5,0.0,,
47754,15.3,26.8,0.0,,
47755,6.1,29.0,0.0,,
47756,12.7,25.0,0.0,,
47757,9.8,26.3,0.0,,
47758,9.5,24.7,0.0,,
47759,10.6,24.5,0.0,,
47760,11.2,29.5,0.0,,
47761,12.4,32.6,0.0,,
47762,12.6,37.1,0.0,,
47763,10.9,33.5,0.0,,
47764,11.7,37.6,0.0,,
47765,14.2,40.2,0.0,,
47766,15.2,40.1,0.0,,
47767,11.2,39.7,0.0,,
47768,14.4,40.0,0.0,,
47769,15.4,32.3,1.0,,
47770,17.2,26.3,0.0,,
47771,15.8,31.1,0.0,,
47772,12.5,26.1,0.0,,
47773,9.0,28.8,0.0,,
47774,12.6,25.6,0.0,,
47775,8.6,26.5,3.8,,
47776,6.8,26.3,0.0,,
47777,7.0,31.4,0.0,,
47778,11.1,33.9,0.0,,
47779,11.9,38.5,0.0,,
47780,12.3,37.6,0.0,,
47781,14.5,38.6,0.0,,
47782,14.3,38.8,0.6,,
47783,15.6,39.3,0.0,,
47784,13.9,39.3,0.0,,
47785,18.4,22.2,1.2,,
47786,10.4,21.6,0.0,,
47787,12.2,30.2,0.0,,
47788,9.8,34.1,0.0,,
47789,12.1,36.9,0.0,,
47790,13.7,38.2,0.0,,
47791,13.9,35.0,0.0,,
47792,16.0,36.2,0.0,,
47793,15.7,32.5,0.0,,
47794,13.2,29.4,0.0,,
47795,17.2,28.4,0.2,,
47796,17.8,21.1,7.8,,
47797,18.6,25.7,19.6,,
47798,10.0,26.9,20.4,,
47799,14.3,29.8,0.0,,
47800,15.3,30.7,0.0,,
47801,10.1,21.5,33.2,,
47802,5.1,26.2,,,
47803,12.1,27.4,0.0,,
47804,12.5,25.8,0.0,,
47805,9.8,30.0,0.0,,
47806,12.9,30.0,0.0,,
47807,15.8,27.0,0.4,,
47808,12.8,21.5,0.2,,
47809,13.7,18.4,0.0,,
47810,14.0,19.9,2.0,,
47811,12.6,25.4,2.4,,
47812,9.8,25.8,0.0,,
47813,14.7,27.1,0.0,,
47814,12.0,24.6,0.0,,
47815,14.1,26.0,3.0,,
47816,12.4,28.4,0.0,,
47817,13.6,23.6,0.0,,
47818,13.8,25.8,27.0,,
47819,9.3,28.3,0.4,,
47820,12.8,27.4,0.0,,
47821,15.8,26.3,2.2,,
47822,14.0,23.2,0.0,,
47823,12.8,27.2,0.0,,
47824,10.2,25.1,0.0,,
47825,13.3,19.1,0.0,,
47826,7.6,22.3,0.0,,
47827,8.0,26.2,0.0,,
47828,8.9,27.1,0.0,,
47829,13.3,27.3,0.0,,
47830,9.8,26.7,0.0,,
47831,11.3,26.3,1.4,,
47832,14.9,24.8,0.0,,
47833,11.2,17.6,0.0,,
47834,13.4,21.2,10.6,,
47835,13.5,19.7,0.6,,
47836,16.0,19.9,23.4,,
47837,16.4,18.5,1.0,,
47838,11.0,23.5,9.2,,
47839,11.1,22.2,3.0,,
47840,8.1,24.2,1.8,,
47841,9.1,24.7,0.2,,
47842,8.7,25.6,0.0,,
47843,9.5,23.4,0.0,,
47844,12.8,15.5,23.6,,
47845,12.7,17.6,16.4,,
47846,9.4,20.7,2.8,,
47847,6.1,20.2,0.0,,
47848,9.9,21.0,0.0,,
47849,12.2,19.8,0.0,,
47850,14.7,17.8,3.8,,
47851,14.8,20.6,9.0,,
47852,11.7,20.0,4.6,,
47853,6.5,20.1,0.0,,
47854,6.1,19.6,0.0,,
47855,4.3,18.5,0.0,,
47856,4.9,19.9,0.0,,
47857,3.9,20.3,0.0,,
47858,3.2,20.0,0.0,,
47859,3.9,16.8,0.0,,
47860,0.6,16.2,0.0,,
47861,1.2,18.7,0.0,,
47862,3.9,20.3,0.0,,
47863,6.0,21.0,0.0,,
47864,6.8,21.1,0.0,,
47865,4.1,16.4,0.0,,
47866,6.1,20.3,0.0,,
47867,4.4,16.0,0.0,,
47868,7.5,20.6,0.0,,
47869,5.8,20.7,0.0,,
47870,11.1,17.4,8.8,,
47871,0.2,15.8,0.0,,
47872,0.3,13.9,0.0,,
47873,3.7,11.7,1.4,,
47874,6.0,12.8,2.0,,
47875,,14.9,0.2,,
47876,0.2,15.7,0.0,,
47877,2.2,15.2,0.0,,
47878,,16.1,0.0,,
47879,,17.4,0.0,,
47880,4.0,14.4,0.0,,
47881,7.4,18.5,,,
47882,3.6,18.3,0.0,,
47883,,18.4,0.0,,
47884,,18.3,0.0,,
47885,,18.6,0.2,,
47886,0.3,20.7,0.0,,
47887,1.2,18.6,0.0,,
47888,3.3,19.0,0.0,,
47889,3.5,20.0,0.0,,
47890,3.0,19.0,0.0,,
47891,3.1,19.0,0.0,,
47892,1.3,20.0,0.0,,
47893,7.1,21.0,0.0,,
47894,11.1,18.1,0.0,,
47895,5.0,20.5,0.0,,
47896,5.6,21.7,0.0,,
47897,6.7,21.1,0.0,,
47898,8.1,15.0,10.4,,
47899,0.6,16.7,0.0,,
47900,0.3,17.8,0.0,,
47901,2.6,16.3,0.2,,
47902,9.5,12.1,0.6,,
47903,6.5,14.3,11.6,,
47904,8.1,12.5,0.6,,
47905,6.0,13.8,0.0,,
47906,5.0,16.1,0.0,,
47907,6.2,14.3,0.0,,
47908,,15.0,0.0,,
47909,,13.1,0.0,,
47910,3.2,15.6,0.0,,
47911,2.1,14.4,0.0,,
47912,,14.1,0.2,,
47913,0.9,14.4,0.0,,
47914,0.8,10.9,0.0,,
47915,4.8,15.2,9.8,,
47916,5.5,15.1,8.6,,
47917,,12.3,0.0,,
47918,4.5,15.3,0.0,,
47919,,12.9,0.2,,
47920,,13.5,0.2,,
47921,2.5,16.7,0.0,,
47922,,14.4,0.2,,
47923,,15.5,0.0,,
47924,1.4,10.0,0.0,,
47925,3.1,8.5,8.6,,
47926,4.0,11.1,8.0,,
47927,7.5,12.9,0.0,,
47928,7.0,12.2,0.0,,
47929,4.4,11.9,0.0,,
47930,4.3,8.8,8.6,,
47931,1.4,10.1,0.0,,
47932,,11.2,0.0,,
47933,,7.3,0.0,,
47934,2.6,10.0,0.2,,
47935,,12.9,0.0,,
47936,,11.5,0.2,,
47937,4.4,11.8,0.0,,
47938,,13.1,0.2,,
47939,,11.2,0.0,,
47940,,7.0,0.0,,
47941,2.0,10.0,3.0,,
47942,4.7,11.0,0.0,,
47943,4.4,10.4,0.0,,
47944,,11.5,0.6,,
47945,,14.2,0.2,,
47946,1.9,9.2,0.0,,
47947,5.4,12.9,10.8,,
47948,6.1,10.9,0.2,,
47949,1.3,13.5,0.2,,
47950,,12.1,0.0,,
47951,,12.5,0.0,,
47952,,13.1,0.0,,
47953,,13.5,0.0,,
47954,,13.3,0.0,,
47955,,11.1,0.0,,
47956,,15.7,0.4,,
47957,0.6,13.1,0.2,,
47958,,14.2,0.0,,
47959,,13.1,0.0,,
47960,1.4,16.6,0.0,,
47961,10.3,14.9,0.0,,
47962,8.4,16.9,0.0,,
47963,4.9,8.4,0.0,,
47964,,10.6,0.8,,
47965,,11.2,0.0,,
47966,,13.4,0.0,,
47967,,13.8,0.2,,
47968,,13.8,0.0,,
47969,,14.7,0.0,,
47970,,13.8,0.0,,
47971,,13.3,0.2,,
47972,0.2,15.5,0.0,,
47973,,10.0,0.0,,
47974,,13.6,0.0,,
47975,,13.0,0.0,,
47976,,14.8,0.0,,
47977,,15.8,0.0,,
47978,,14.2,0.0,,
47979,6.6,10.8,4.8,,
47980,7.6,14.3,7.2,,
47981,7.8,15.1,0.0,,
47982,,15.2,0.0,,
47983,,14.9,0.0,,
47984,0.6,15.8,0.0,,
47985,,16.2,0.0,,
47986,5.2,17.7,0.6,,
47987,0.1,16.4,0.0,,
47988,6.2,13.7,12.6,,
47989,3.4,15.1,0.4,,
47990,1.6,15.8,0.0,,
47991,,17.5,0.0,,
47992,1.1,17.6,0.0,,
47993,0.0,17.4,0.0,,
47994,,18.9,0.0,,
47995,6.2,11.9,1.4,,
47996,2.1,13.6,0.2,,
47997,0.7,14.2,0.0,,
47998,0.7,15.1,0.0,,
47999,,14.6,0.0,,
48000,,17.7,0.2,,
48001,0.2,19.0,0.0,,
48002,3.5,18.3,0.0,,
48003,7.7,17.7,22.6,,
48004,4.3,17.4,0.0,,
48005,1.7,15.4,0.0,,
48006,5.1,17.0,0.0,,
48007,,18.7,0.0,,
48008,0.9,19.2,0.0,,
48009,7.8,18.0,1.4,,
48010,7.2,15.2,0.0,,
48011,1.5,13.9,0.0,,
48012,,16.1,0.0,,
48013,,18.3,0.0,,
48014,3.7,17.9,0.0,,
48015,7.3,20.1,0.0,,
48016,1.8,22.2,0.0,,
48017,2.5,19.9,0.0,,
48018,11.0,19.2,1.6,,
48019,0.8,18.2,1.4,,
48020,4.1,18.2,0.0,,
48021,,22.2,0.0,,
48022,8.8,24.1,0.0,,
48023,2.7,24.0,0.0,,
48024,4.8,16.9,0.0,,
48025,,20.0,0.0,,
48026,,20.9,0.0,,
48027,10.1,22.5,0.0,,
48028,3.7,27.5,0.0,,
48029,6.7,28.1,0.0,,
48030,11.0,19.8,11.8,,
48031,2.0,19.8,0.0,,
48032,2.2,20.2,0.0,,
48033,0.4,22.1,0.2,,
48034,3.1,26.6,0.0,,
48035,4.5,27.6,0.0,,
48036,13.7,21.1,4.8,,
48037,6.2,8.7,15.4,,
48038,6.3,15.9,15.2,,
48039,,17.1,0.0,,
48040,1.1,17.1,0.0,,
48041,0.6,20.4,0.0,,
48042,2.5,25.1,0.0,,
48043,6.9,17.1,0.0,,
48044,9.5,17.6,0.0,,
48045,9.7,24.9,0.0,,
48046,8.3,27.2,0.0,,
48047,9.7,28.4,6.0,,
48048,7.8,30.0,0.0,,
48049,8.0,29.2,0.0,,
48050,8.5,24.6,0.0,,
48051,7.2,19.8,0.0,,
48052,7.0,23.9,0.0,,
48053,4.4,26.5,0.0,,
48054,5.1,32.0,0.0,,
48055,14.6,26.5,0.0,,
48056,4.6,20.0,0.2,,
48057,3.3,22.6,0.0,,
48058,10.4,25.2,0.0,,
48059,9.3,27.2,0.0,,
48060,11.8,24.4,0.0,,
48061,5.3,27.4,0.0,,
48062,5.5,30.0,0.0,,
48063,7.7,33.3,0.0,,
48064,13.9,29.3,0.0,,
48065,8.4,26.9,0.0,,
48066,9.6,27.9,0.0,,
48067,9.8,31.2,0.0,,
48068,9.6,37.2,0.0,,
48069,14.5,29.4,0.0,,
48070,13.9,18.0,13.6,,
48071,9.3,23.6,4.4,,
48072,5.1,25.7,0.0,,
48073,13.0,27.8,0.0,,
48074,7.4,31.4,0.0,,
48075,12.6,30.2,0.0,,
48076,12.5,31.8,0.0,,
48077,11.2,39.0,0.0,,
48078,18.8,26.4,0.2,,
48079,14.2,25.4,5.6,,
48080,6.5,26.7,0.0,,
48081,14.2,25.9,0.0,,
48082,5.7,27.5,0.0,,
48083,9.9,29.7,0.0,,
48084,13.5,27.9,0.2,,
48085,11.6,32.7,4.0,,
48086,13.8,33.0,0.8,,
48087,13.5,31.8,0.0,,
48088,14.5,28.2,19.6,,
48089,13.4,28.4,6.0,,
48090,15.8,22.6,0.0,,
48091,10.4,27.5,42.4,,
48092,11.0,29.1,0.0,,
48093,16.0,29.4,0.0,,
48094,13.8,30.8,0.0,,
48095,15.0,22.6,10.6,,
48096,11.6,22.2,1.4,,
48097,12.0,22.5,0.0,,
48098,7.2,28.1,0.0,,
48099,9.6,30.8,0.0,,
48100,16.2,32.6,1.6,,
48101,14.4,25.9,1.2,,
48102,9.6,27.4,0.0,,
48103,8.6,25.3,0.0,,
48104,10.7,27.4,0.0,,
48105,12.4,30.2,0.0,,
48106,14.3,30.8,0.0,,
48107,16.4,29.0,5.2,,
48108,17.2,24.9,3.6,,
48109,16.8,27.0,0.6,,
48110,15.0,24.6,4.8,,
48111,11.6,22.7,0.2,,
48112,9.7,26.7,0.0,,
48113,11.2,29.7,0.0,,
48114,11.0,25.0,0.0,,
48115,7.9,29.2,0.0,,
48116,16.2,32.6,0.0,,
48117,11.4,35.2,0.0,,
48118,14.3,34.7,0.0,,
48119,16.9,32.5,0.0,,
48120,13.5,29.6,5.0,,
48121,18.1,28.3,2.4,,
48122,13.7,31.5,0.0,,
48123,14.4,34.4,0.0,,
48124,18.2,32.3,10.4,,
48125,17.7,27.6,6.2,,
48126,16.5,22.5,43.0,,
48127,16.2,23.7,2.2,,
48128,12.7,24.8,0.0,,
48129,17.9,25.4,15.8,,
48130,10.4,27.4,0.0,,
48131,11.9,25.8,0.0,,
48132,14.3,26.7,0.0,,
48133,8.7,27.6,0.0,,
48134,13.3,22.4,0.0,,
48135,12.5,24.6,0.0,,
48136,16.4,28.3,0.0,,
48137,14.8,29.5,9.4,,
48138,14.9,31.9,0.0,,
48139,16.7,31.1,0.0,,
48140,14.6,28.7,2.6,,
48141,13.7,21.9,0.0,,
48142,13.8,18.3,0.0,,
48143,13.0,23.2,0.0,,
48144,9.9,21.6,0.0,,
48145,8.1,20.8,0.0,,
48146,7.5,24.2,0.0,,
48147,11.3,25.2,0.2,,
48148,12.2,23.6,12.6,,
48149,6.7,25.7,0.2,,
48150,10.2,21.8,0.0,,
48151,9.8,25.6,0.0,,
48152,8.8,27.7,0.0,,
48153,8.9,30.8,0.0,,
48154,13.0,34.4,0.0,,
48155,13.8,23.1,0.0,,
48156,15.0,29.4,0.0,,
48157,15.2,30.9,0.0,,
48158,17.2,26.3,0.0,,
48159,15.6,27.2,0.2,,
48160,14.7,24.1,0.0,,
48161,13.8,29.3,2.0,,
48162,12.2,32.1,0.0,,
48163,15.6,32.5,0.0,,
48164,13.1,29.6,0.0,,
48165,13.9,29.6,0.0,,
48166,12.8,30.2,0.0,,
48167,14.3,29.3,0.0,,
48168,13.9,29.1,0.0,,
48169,13.5,32.9,0.0,,
48170,15.8,25.6,13.4,,
48171,14.9,22.7,0.2,,
48172,14.1,27.4,0.0,,
48173,11.7,29.0,1.2,,
48174,14.6,31.5,0.2,,
48175,12.6,31.2,0.0,,
48176,,26.4,,,
48177,13.3,28.3,,,
48178,14.2,30.1,0.0,,
48179,12.5,24.0,0.0,,
48180,6.3,24.3,0.0,,
48181,5.1,26.9,0.0,,
48182,11.3,30.1,0.0,,
48183,8.7,29.7,0.0,,
48184,8.6,28.6,0.0,,
48185,13.5,31.4,0.0,,
48186,11.3,30.1,0.0,,
48187,13.9,21.0,0.0,,
48188,6.0,27.1,0.0,,
48189,12.2,24.5,0.0,,
48190,4.3,24.2,0.0,,
48191,6.5,26.2,0.0,,
48192,11.8,30.3,3.8,,
48193,8.4,31.8,0.4,,
48194,11.2,32.0,0.0,,
48195,7.8,21.9,0.0,,
48196,12.4,23.4,0.0,,
48197,9.0,29.6,0.0,,
48198,14.0,23.9,7.8,,
48199,5.9,22.3,0.4,,
48200,8.4,20.9,0.0,,
48201,7.4,20.3,0.0,,
48202,0.6,22.8,0.0,,
48203,3.0,23.6,0.0,,
48204,5.2,21.3,0.0,,
48205,7.1,26.2,0.0,,
48206,6.6,26.6,0.0,,
48207,11.7,25.5,0.0,,
48208,11.7,16.5,0.0,,
48209,11.8,16.6,0.0,,
48210,9.8,23.0,0.0,,
48211,5.4,19.2,0.4,,
48212,5.3,16.6,15.6,,
48213,4.9,15.7,53.2,,
48214,7.6,18.9,0.0,,
48215,6.8,20.6,0.0,,
48216,6.0,22.3,0.0,,
48217,6.9,22.1,0.0,,
48218,6.3,20.8,0.0,,
48219,5.6,21.3,0.0,,
48220,7.0,21.9,0.0,,
48221,7.4,26.6,1.6,,
48222,13.0,18.9,5.6,,
48223,11.2,22.7,5.4,,
48224,7.3,16.8,5.2,,
48225,6.6,14.9,2.2,,
48226,8.1,13.8,0.0,,
48227,10.2,18.4,0.0,,
48228,9.4,23.4,0.2,,
48229,12.2,17.8,0.4,,
48230,4.5,17.4,0.0,,
48231,4.2,17.9,2.0,,
48232,,16.0,0.0,,
48233,2.7,16.5,0.0,,
48234,0.8,17.9,0.0,,
48235,5.2,16.6,0.0,,
48236,4.9,17.1,0.0,,
48237,7.6,19.4,0.0,,
48238,7.8,23.3,0.0,,
48239,5.8,21.5,0.0,,
48240,4.0,20.8,0.0,,
48241,5.9,14.0,0.0,,
48242,7.6,13.9,0.0,,
48243,4.0,16.1,0.0,,
48244,6.3,15.3,0.0,,
48245,8.7,14.1,0.0,,
48246,8.6,16.4,2.0,,
48247,8.9,14.5,0.0,,
48248,3.8,11.8,0.0,,
48249,,14.1,0.0,,
48250,,17.8,0.0,,
48251,0.3,17.2,0.0,,
48252,,18.4,0.0,,
48253,,17.9,0.0,,
48254,3.8,14.4,0.0,,
48255,11.1,18.2,9.4,,
48256,1.0,16.1,0.0,,
48257,7.1,14.5,0.6,,
48258,,15.2,0.0,,
48259,,15.9,0.0,,
48260,,14.6,0.0,,
48261,,15.2,0.2,,
48262,,16.8,0.0,,
48263,0.1,14.8,0.0,,
48264,7.1,17.1,0.0,,
48265,,14.2,0.0,,
48266,0.0,14.0,0.0,,
48267,1.4,10.8,1.2,,
48268,,11.7,0.0,,
48269,,12.7,0.0,,
48270,,11.4,0.0,,
48271,,14.0,1.0,,
48272,,13.9,0.0,,
48273,,16.5,0.2,,
48274,0.1,15.4,0.0,,
48275,7.8,15.1,0.0,,
48276,,14.4,0.0,,
48277,,14.9,0.0,,
48278,,17.5,0.0,,
48279,,16.3,0.0,,
48280,,16.3,0.2,,
48281,,15.9,0.0,,
48282,8.2,12.8,6.4,,
48283,10.3,12.8,23.0,,
48284,4.2,10.7,17.0,,
48285,2.2,11.2,5.6,,
48286,,11.6,0.2,,
48287,,12.6,0.0,,
48288,,13.1,0.0,,
48289,,13.8,0.0,,
48290,3.5,15.7,0.0,,
48291,1.1,16.0,0.2,,
48292,,14.3,0.0,,
48293,,12.4,0.0,,
48294,0.2,13.2,0.0,,
48295,,14.4,0.2,,
48296,,11.6,0.0,,
48297,,10.0,0.0,,
48298,,10.8,0.0,,
48299,,10.5,0.0,,
48300,,9.3,0.2,,
48301,,7.3,0.0,,
48302,,11.2,0.2,,
48303,,11.5,0.0,,
48304,,12.6,0.0,,
48305,,13.8,0.0,,
48306,,9.9,2.6,,
48307,3.6,12.5,7.2,,
48308,3.1,9.2,10.2,,
48309,3.6,13.6,1.4,,
48310,4.1,10.0,0.0,,
48311,1.1,7.9,0.0,,
48312,,10.8,3.2,,
48313,4.2,10.8,0.4,,
48314,,11.0,0.2,,
48315,,12.8,0.0,,
48316,,14.1,0.2,,
48317,,14.1,0.0,,
48318,0.2,9.6,0.2,,
48319,4.3,10.8,6.6,,
48320,0.5,11.6,2.2,,
48321,4.4,13.4,2.4,,
48322,6.5,11.5,0.0,,
48323,1.4,11.5,0.0,,
48324,,13.0,0.0,,
48325,,12.9,0.0,,
48326,,12.3,0.0,,
48327,2.4,15.1,0.0,,
48328,2.3,15.1,0.0,,
48329,7.4,14.6,31.4,,
48330,3.8,11.1,1.2,,
48331,,8.9,0.0,,
48332,0.0,10.1,0.0,,
48333,,12.2,0.0,,
48334,,13.0,0.0,,
48335,,13.4,0.2,,
48336,,13.3,0.0,,
48337,2.7,14.4,0.0,,
48338,3.1,13.6,0.0,,
48339,,7.5,,,
48340,0.5,12.2,4.0,,
48341,,15.4,0.0,,
48342,,15.1,0.0,,
48343,0.5,15.3,0.0,,
48344,3.3,12.5,0.0,,
48345,,12.3,0.0,,
48346,,13.0,0.0,,
48347,,15.6,0.2,,
48348,,17.7,0.0,,
48349,2.7,21.0,1.4,,
48350,10.7,16.5,0.2,,
48351,7.4,11.6,0.0,,
48352,6.5,10.5,22.6,,
48353,7.2,14.9,2.6,,
48354,6.6,15.8,1.2,,
48355,5.6,15.2,0.0,,
48356,4.0,14.0,1.8,,
48357,,14.5,0.0,,
48358,,15.0,0.0,,
48359,,14.2,0.0,,
48360,,16.8,0.0,,
48361,4.4,12.9,7.6,,
48362,0.7,16.7,5.0,,
48363,,16.9,0.0,,
48364,4.4,14.8,0.0,,
48365,3.6,13.9,0.0,,
48366,3.0,13.1,0.0,,
48367,,16.1,0.0,,
48368,1.8,17.0,0.0,,
48369,0.0,18.9,0.0,,
48370,,21.4,0.0,,
48371,1.0,21.7,0.0,,
48372,2.0,22.4,0.0,,
48373,5.0,18.7,0.0,,
48374,,17.5,0.0,,
48375,,17.3,0.0,,
48376,3.5,16.8,0.0,,
48377,3.4,15.5,0.0,,
48378,3.6,19.6,0.0,,
48379,2.0,20.7,0.0,,
48380,4.9,15.2,1.0,,
48381,2.2,13.7,0.0,,
48382,1.4,12.8,0.0,,
48383,0.5,14.9,0.0,,
48384,0.1,17.6,0.0,,
48385,1.4,20.0,0.0,,
48386,3.2,20.4,0.0,,
48387,2.5,22.1,0.0,,
48388,1.7,21.3,0.0,,
48389,11.1,23.1,0.0,,
48390,0.9,24.9,0.0,,
48391,2.8,26.5,0.0,,
48392,6.7,28.3,0.0,,
48393,9.1,31.7,0.0,,
48394,6.8,31.8,0.0,,
48395,7.4,18.6,0.0,,
48396,8.5,20.0,0.0,,
48397,7.6,27.1,0.2,,
48398,5.9,27.4,8.6,,
48399,6.5,22.1,0.0,,
48400,7.7,25.0,0.0,,
48401,11.3,21.3,0.0,,
48402,11.0,26.1,0.0,,
48403,7.7,28.5,0.0,,
48404,8.2,30.1,0.0,,
48405,11.1,27.8,0.0,,
48406,11.5,21.6,1.8,,
48407,12.1,27.6,0.2,,
48408,9.4,29.5,0.0,,
48409,15.0,23.8,2.6,,
48410,12.4,19.0,13.0,,
48411,9.8,16.7,0.2,,
48412,6.8,23.1,0.0,,
48413,4.7,26.5,0.0,,
48414,7.6,27.0,,,
48415,9.6,17.4,0.0,,
48416,8.0,22.5,0.0,,
48417,5.2,25.3,0.0,,
48418,5.0,25.0,0.0,,
48419,8.9,22.5,0.0,,
48420,8.9,25.3,2.2,,
48421,14.0,25.4,19.4,,
48422,13.8,21.3,0.0,,
48423,13.9,20.8,0.0,,
48424,13.5,22.3,2.2,,
48425,14.7,23.7,14.2,,
48426,9.6,23.2,0.0,,
48427,10.2,20.7,0.6,,
48428,9.7,27.8,0.0,,
48429,9.7,30.7,0.0,,
48430,13.2,18.7,0.0,,
48431,13.7,22.7,9.4,,
48432,12.3,23.6,9.6,,
48433,11.6,15.3,8.8,,
48434,10.7,21.1,1.2,,
48435,4.9,23.3,0.0,,
48436,7.0,26.5,0.0,,
48437,9.6,30.0,0.0,,
48438,10.6,34.8,0.0,,
48439,13.1,36.1,0.0,,
48440,15.2,26.5,0.0,,
48441,13.5,25.3,0.0,,
48442,8.0,26.1,0.0,,
48443,6.9,27.4,0.0,,
48444,5.2,30.3,0.0,,
48445,19.5,23.7,0.0,,
48446,0.5,22.9,0.0,,
48447,9.2,27.4,0.0,,
48448,15.9,27.4,0.0,,
48449,7.9,28.4,0.0,,
48450,10.4,35.0,0.0,,
48451,12.0,23.2,1.4,,
48452,6.6,26.8,0.0,,
48453,7.8,29.8,0.0,,
48454,8.1,32.0,0.0,,
48455,11.2,32.7,0.0,,
48456,15.7,28.8,0.0,,
48457,16.8,28.2,0.0,,
48458,17.2,30.6,0.4,,
48459,12.2,31.6,0.0,,
48460,10.8,27.4,0.0,,
48461,3.8,26.1,0.0,,
48462,7.3,27.7,0.0,,
48463,6.5,32.2,0.0,,
48464,12.4,30.3,0.0,,
48465,13.1,27.0,0.0,,
48466,10.4,30.2,16.0,,
48467,13.6,33.6,0.0,,
48468,15.4,36.3,0.0,,
48469,16.2,37.0,0.0,,
48470,19.3,27.9,0.0,,
48471,14.0,24.9,0.2,,
48472,13.6,25.4,0.0,,
48473,10.9,26.2,0.8,,
48474,9.2,28.7,0.0,,
48475,11.4,22.4,0.0,,
48476,11.0,24.0,16.2,,
48477,6.4,24.7,0.0,,
48478,9.2,30.2,0.0,,
48479,9.4,32.4,0.0,,
48480,11.4,34.0,0.0,,
48481,15.0,34.9,0.0,,
48482,16.2,28.3,0.0,,
48483,15.1,24.8,0.0,,
48484,14.2,20.1,1.6,,
48485,14.0,17.1,13.4,,
48486,13.7,20.7,7.2,,
48487,10.6,25.5,0.0,,
48488,8.0,29.5,0.0,,
48489,13.1,31.7,0.0,,
48490,15.0,34.5,0.0,,
48491,15.6,35.7,0.0,,
48492,18.7,37.9,0.0,,
48493,13.2,39.3,0.0,,
48494,21.8,34.0,0.0,,
48495,9.6,21.0,2.0,,
48496,5.5,23.1,0.0,,
48497,7.4,25.7,0.0,,
48498,11.9,31.3,0.0,,
48499,11.3,35.0,0.0,,
48500,14.1,36.9,0.0,,
48501,14.9,35.2,0.0,,
48502,18.7,27.7,26.2,,
48503,17.2,28.6,11.4,,
48504,16.5,29.0,1.8,,
48505,17.1,27.3,0.0,,
48506,15.1,26.4,6.4,,
48507,17.3,22.4,0.0,,
48508,15.4,29.0,2.6,,
48509,15.5,23.4,0.0,,
48510,12.0,27.0,5.6,,
48511,10.3,21.8,28.2,,
48512,12.0,22.1,11.0,,
48513,9.1,26.7,3.0,,
48514,14.2,27.2,0.0,,
48515,14.0,24.5,7.0,,
48516,10.7,23.7,0.0,,
48517,12.2,25.2,0.0,,
48518,9.6,29.3,0.0,,
48519,11.6,31.4,0.0,,
48520,13.9,29.4,0.0,,
48521,11.7,31.4,0.0,,
48522,14.9,29.6,0.0,,
48523,14.3,28.8,2.4,,
48524,14.4,32.3,0.0,,
48525,15.6,32.6,0.0,,
48526,14.9,28.9,0.0,,
48527,9.1,27.0,0.0,,
48528,10.3,24.6,0.0,,
48529,8.4,28.8,0.0,,
48530,15.4,30.1,0.0,,
48531,14.0,31.0,0.0,,
48532,15.9,29.6,0.0,,
48533,13.0,33.1,0.0,,
48534,15.3,34.4,0.0,,
48535,14.2,36.4,0.0,,
48536,15.0,38.0,0.0,,
48537,16.0,32.0,0.0,,
48538,14.6,25.4,0.0,,
48539,12.8,30.9,0.0,,
48540,17.8,25.5,0.0,,
48541,14.3,31.3,0.0,,
48542,14.0,33.9,0.0,,
48543,12.6,35.2,0.0,,
48544,14.2,32.6,6.8,,
48545,14.3,35.5,0.2,,
48546,13.4,33.9,0.0,,
48547,12.9,35.3,0.0,,
48548,14.5,32.7,0.0,,
48549,11.6,33.4,0.0,,
48550,16.6,30.9,0.0,,
48551,18.9,23.9,5.2,,
48552,14.2,32.1,3.8,,
48553,16.1,31.0,0.4,,
48554,17.0,32.1,0.0,,
48555,15.0,24.9,0.0,,
48556,14.4,25.7,0.0,,
48557,13.4,28.6,0.0,,
48558,14.0,19.6,7.4,,
48559,5.3,21.0,4.4,,
48560,8.2,20.3,0.0,,
48561,7.2,22.2,0.0,,
48562,5.6,23.3,0.0,,
48563,5.8,25.0,0.0,,
48564,10.0,22.1,0.0,,
48565,12.6,25.1,0.2,,
48566,10.6,26.8,0.0,,
48567,11.7,26.2,0.0,,
48568,15.1,23.4,0.0,,
48569,14.7,22.7,0.0,,
48570,13.7,23.7,0.0,,
48571,7.3,24.0,0.0,,
48572,6.7,25.0,0.0,,
48573,11.6,26.4,0.0,,
48574,12.2,25.0,0.0,,
48575,14.0,25.0,0.0,,
48576,10.5,29.6,0.0,,
48577,16.0,31.1,0.0,,
48578,7.9,23.5,0.0,,
48579,8.5,19.2,0.0,,
48580,4.6,23.3,0.0,,
48581,4.1,24.4,0.0,,
48582,2.8,24.2,0.0,,
48583,11.8,23.7,0.0,,
48584,11.5,22.6,0.0,,
48585,9.7,24.5,0.0,,
48586,6.9,26.4,0.0,,
48587,10.2,23.0,0.6,,
48588,9.5,19.9,3.2,,
48589,5.7,20.3,0.0,,
48590,4.8,23.5,0.0,,
48591,7.2,25.0,0.0,,
48592,8.2,26.1,0.0,,
48593,12.5,19.0,1.0,,
48594,9.2,20.6,0.2,,
48595,5.7,21.1,0.0,,
48596,3.9,22.7,0.0,,
48597,1.4,24.3,0.0,,
48598,2.2,23.6,0.0,,
48599,5.4,24.4,0.0,,
48600,8.7,25.6,0.0,,
48601,14.3,23.4,1.8,,
48602,10.0,21.0,6.8,,
48603,4.6,16.1,0.0,,
48604,6.2,19.2,0.0,,
48605,11.7,17.7,0.0,,
48606,0.2,19.5,0.0,,
48607,1.3,22.5,0.0,,
48608,1.4,23.9,0.0,,
48609,9.6,16.1,0.8,,
48610,11.9,17.3,28.2,,
48611,12.1,17.4,7.0,,
48612,7.2,13.7,0.8,,
48613,8.8,16.1,0.0,,
48614,11.4,20.1,0.0,,
48615,0.4,20.0,0.0,,
48616,5.2,21.3,0.0,,
48617,2.1,19.5,0.0,,
48618,8.8,20.5,0.0,,
48619,0.2,15.1,0.0,,
48620,1.3,17.0,0.0,,
48621,11.0,19.2,0.0,,
48622,2.0,19.1,0.0,,
48623,1.4,21.4,0.0,,
48624,6.6,17.0,0.0,,
48625,5.0,15.7,0.0,,
48626,,14.7,0.0,,
48627,5.8,12.5,0.0,,
48628,7.0,12.0,3.8,,
48629,1.2,11.9,0.0,,
48630,,12.5,0.0,,
48631,,15.0,0.2,,
48632,,14.0,0.0,,
48633,5.9,14.1,0.0,,
48634,4.9,14.8,5.4,,
48635,2.7,15.0,0.0,,
48636,8.2,15.0,2.6,,
48637,11.8,15.4,28.4,,
48638,8.9,14.2,65.2,,
48639,7.1,11.3,0.0,,
48640,6.6,13.2,0.0,,
48641,9.2,15.9,4.0,,
48642,6.6,14.5,0.6,,
48643,6.6,13.7,0.0,,
48644,,11.6,0.0,,
48645,,14.5,0.0,,
48646,,15.2,0.2,,
48647,,14.7,0.0,,
48648,,15.1,0.2,,
48649,1.5,13.4,2.2,,
48650,8.8,14.0,9.6,,
48651,9.0,13.1,0.4,,
48652,7.6,14.5,21.2,,
48653,8.1,11.9,0.2,,
48654,7.1,12.5,1.0,,
48655,7.0,12.3,0.0,,
48656,4.8,8.9,1.6,,
48657,,10.2,1.0,,
48658,,8.0,0.2,,
48659,,10.8,0.0,,
48660,,12.0,0.0,,
48661,,12.8,0.2,,
48662,,7.8,0.0,,
48663,,11.6,1.0,,
48664,,13.3,0.2,,
48665,,12.9,0.0,,
48666,,8.4,0.0,,
48667,0.3,8.0,4.8,,
48668,4.4,11.3,18.0,,
48669,6.2,14.6,0.4,,
48670,2.8,13.2,0.0,,
48671,3.6,13.1,1.0,,
48672,1.9,13.8,0.0,,
48673,7.8,13.4,9.8,,
48674,6.7,11.2,0.8,,
48675,0.6,7.1,4.8,,
48676,0.6,11.2,0.0,,
48677,,13.1,0.0,,
48678,,16.1,0.2,,
48679,1.1,16.2,0.0,,
48680,,17.6,0.2,,
48681,6.7,18.8,2.6,,
48682,11.1,14.4,8.6,,
48683,8.5,14.9,0.2,,
48684,9.6,16.9,0.6,,
48685,4.7,10.4,3.6,,
48686,,8.4,0.2,,
48687,3.2,10.9,8.4,,
48688,4.5,10.2,0.2,,
48689,4.6,11.8,5.2,,
48690,1.4,12.6,0.0,,
48691,,12.8,0.2,,
48692,,11.9,0.0,,
48693,3.3,14.9,0.0,,
48694,5.9,13.9,0.0,,
48695,5.7,10.1,7.4,,
48696,0.7,13.8,0.2,,
48697,0.9,12.3,0.0,,
48698,0.8,13.7,0.0,,
48699,,12.1,0.0,,
48700,1.5,11.6,0.0,,
48701,,14.0,0.0,,
48702,,15.6,0.0,,
48703,4.4,16.4,2.0,,
48704,4.6,12.9,0.0,,
48705,,10.6,0.0,,
48706,2.1,14.9,0.0,,
48707,,15.8,0.0,,
48708,,15.9,0.0,,
48709,,17.9,0.0,,
48710,0.8,15.8,0.0,,
48711,,18.4,0.0,,
48712,,19.2,0.0,,
48713,4.1,10.4,7.6,,
48714,3.9,12.8,1.2,,
48715,1.1,13.1,0.0,,
48716,4.1,13.7,4.4,,
48717,5.6,10.7,0.2,,
48718,,13.7,13.4,,
48719,,12.7,0.0,,
48720,,13.1,0.0,,
48721,1.4,14.1,0.0,,
48722,,16.7,0.0,,
48723,3.2,19.4,0.0,,
48724,8.3,16.7,9.8,,
48725,4.3,16.7,1.8,,
48726,5.6,10.5,0.0,,
48727,9.1,14.6,53.6,,
48728,4.9,13.9,1.0,,
48729,2.9,16.4,0.0,,
48730,0.6,19.4,0.0,,
48731,2.7,19.1,0.0,,
48732,6.9,20.0,0.0,,
48733,5.2,17.4,0.0,,
48734,9.5,14.3,15.2,,
48735,2.8,15.7,0.4,,
48736,1.3,16.6,0.0,,
48737,5.7,17.5,0.0,,
48738,10.1,18.3,0.0,,
48739,6.0,12.9,5.2,,
48740,6.8,15.7,0.2,,
48741,0.4,17.0,0.0,,
48742,4.4,13.1,0.0,,
48743,6.4,14.6,6.6,,
48744,1.8,14.5,0.0,,
48745,6.7,11.7,6.8,,
48746,6.9,14.9,24.2,,
48747,5.5,18.2,0.2,,
48748,2.7,19.2,0.0,,
48749,10.2,18.3,0.0,,
48750,2.5,15.3,0.0,,
48751,3.3,14.3,1.6,,
48752,,16.9,0.0,,
48753,4.9,14.7,13.4,,
48754,4.9,12.1,19.0,,
48755,6.5,14.1,2.0,,
48756,5.3,19.4,0.2,,
48757,7.3,14.3,8.8,,
48758,6.5,14.0,1.4,,
48759,3.6,14.6,8.4,,
48760,7.8,21.2,0.0,,
48761,7.6,22.9,0.0,,
48762,8.5,18.9,0.0,,
48763,1.4,17.4,0.0,,
48764,6.2,18.6,0.0,,
48765,5.2,14.2,1.0,,
48766,,16.0,0.0,,
48767,1.7,16.2,0.4,,
48768,,18.9,0.0,,
48769,1.0,20.0,0.0,,
48770,9.0,23.6,0.0,,
48771,9.7,16.1,5.4,,
48772,5.2,17.5,0.0,,
48773,4.6,16.0,0.6,,
48774,1.5,19.4,0.0,,
48775,1.4,21.6,0.0,,
48776,10.4,13.8,7.4,,
48777,0.7,16.4,5.4,,
48778,,18.2,0.0,,
48779,1.2,20.7,0.0,,
48780,8.4,24.1,0.0,,
48781,7.0,23.2,0.0,,
48782,8.9,18.6,0.0,,
48783,11.0,24.0,0.0,,
48784,10.2,22.4,0.0,,
48785,5.6,16.5,2.6,,
48786,,18.1,0.0,,
48787,4.5,20.6,0.0,,
48788,2.5,23.0,0.0,,
48789,3.6,24.5,0.0,,
48790,11.6,17.6,0.0,,
48791,6.6,19.9,0.0,,
48792,6.5,25.3,0.0,,
48793,7.9,28.6,0.0,,
48794,11.7,24.8,8.4,,
48795,10.6,24.0,6.2,,
48796,8.5,26.1,0.0,,
48797,14.6,26.5,19.4,,
48798,10.1,18.6,0.0,,
48799,7.9,19.8,8.6,,
48800,4.0,20.6,0.6,,
48801,5.2,25.3,0.0,,
48802,11.0,25.5,0.0,,
48803,9.1,30.0,0.0,,
48804,11.7,31.1,0.0,,
48805,13.4,31.1,0.0,,
48806,14.4,30.2,9.4,,
48807,11.9,31.2,0.0,,
48808,13.4,20.4,0.0,,
48809,2.5,21.2,4.2,,
48810,4.7,24.3,0.0,,
48811,7.9,24.7,0.0,,
48812,9.2,26.5,0.0,,
48813,14.7,27.7,0.0,,
48814,7.9,28.0,0.0,,
48815,10.4,30.1,0.0,,
48816,12.1,28.8,0.0,,
48817,8.5,30.3,0.0,,
48818,11.7,30.9,0.0,,
48819,10.6,32.8,0.0,,
48820,17.7,31.4,1.0,,
48821,16.9,23.1,13.4,,
48822,8.9,26.9,0.2,,
48823,10.1,31.3,0.0,,
48824,11.0,21.6,2.0,,
48825,7.3,25.2,0.0,,
48826,12.8,28.0,0.0,,
48827,15.3,31.2,0.0,,
48828,10.6,33.9,0.0,,
48829,21.6,28.6,0.0,,
48830,12.8,14.8,3.0,,
48831,12.3,20.1,5.8,,
48832,13.5,27.9,11.4,,
48833,11.4,24.9,0.0,,
48834,11.1,26.5,0.0,,
48835,9.7,30.8,0.0,,
48836,8.9,28.7,0.0,,
48837,14.6,26.6,0.0,,
48838,14.6,31.8,0.0,,
48839,14.1,32.5,0.0,,
48840,11.3,30.9,22.4,,
48841,14.0,31.5,0.0,,
48842,18.4,31.9,0.0,,
48843,16.3,31.9,0.2,,
48844,21.8,29.9,0.0,,
48845,20.3,32.8,2.2,,
48846,18.9,31.5,3.0,,
48847,12.6,27.8,0.0,,
48848,15.7,29.9,0.0,,
48849,13.1,27.1,0.0,,
48850,11.0,25.1,0.0,,
48851,11.2,29.9,0.0,,
48852,14.5,30.6,1.4,,
48853,11.8,32.4,0.0,,
48854,14.9,32.2,0.0,,
48855,19.3,35.7,0.0,,
48856,17.3,34.2,0.0,,
48857,16.1,36.0,0.0,,
48858,12.9,35.1,0.0,,
48859,17.2,39.6,0.0,,
48860,18.9,30.3,0.4,,
48861,11.3,31.4,0.0,,
48862,16.6,35.5,0.0,,
48863,12.6,38.6,0.0,,
48864,16.1,38.0,0.0,,
48865,14.3,23.7,0.0,,
48866,15.1,29.0,2.8,,
48867,8.5,31.2,2.2,,
48868,15.0,32.3,0.0,,
48869,13.9,36.9,0.0,,
48870,21.7,33.6,1.6,,
48871,15.5,27.8,0.0,,
48872,15.1,32.9,0.0,,
48873,13.5,33.6,0.0,,
48874,14.4,35.4,0.0,,
48875,14.2,36.6,0.0,,
48876,15.5,39.1,0.0,,
48877,21.0,36.6,0.0,,
48878,16.1,23.7,0.6,,
48879,12.5,29.4,6.8,,
48880,13.7,30.2,0.0,,
48881,12.8,34.2,0.0,,
48882,14.4,36.4,0.0,,
48883,20.4,34.0,4.0,,
48884,18.6,22.9,0.6,,
48885,16.5,25.6,0.0,,
48886,17.5,36.0,0.0,,
48887,18.4,41.0,0.0,,
48888,19.3,41.6,0.0,,
48889,19.6,31.9,2.6,,
48890,5.8,26.9,0.8,,
48891,13.2,27.7,0.0,,
48892,9.3,30.3,0.0,,
48893,10.4,34.4,0.0,,
48894,10.0,36.3,0.0,,
48895,15.5,24.0,0.0,,
48896,5.9,23.2,5.2,,
48897,7.3,21.7,0.0,,
48898,2.8,27.0,0.0,,
48899,9.8,32.5,0.0,,
48900,11.4,35.5,0.0,,
48901,14.8,33.7,0.0,,
48902,15.1,21.9,0.0,,
48903,10.5,24.8,0.0,,
48904,9.3,27.2,0.0,,
48905,9.7,28.5,0.0,,
48906,11.2,29.6,0.0,,
48907,14.1,26.9,0.0,,
48908,15.6,27.2,7.6,,
48909,16.7,25.6,2.0,,
48910,12.0,28.5,3.6,,
48911,10.6,26.1,0.2,,
48912,11.7,23.9,0.0,,
48913,8.9,21.5,0.0,,
48914,11.3,23.5,,,
48915,5.8,29.6,0.0,,
48916,9.1,30.1,0.0,,
48917,10.5,32.7,0.0,,
48918,15.0,26.9,1.6,,
48919,12.9,24.1,1.2,,
48920,17.0,25.4,13.0,,
48921,17.4,27.7,0.0,,
48922,14.7,24.3,0.2,,
48923,13.5,23.5,0.0,,
48924,14.4,27.5,0.0,,
48925,14.8,30.4,0.8,,
48926,18.2,23.7,6.4,,
48927,16.1,27.1,22.8,,
48928,12.6,19.9,8.2,,
48929,14.4,21.6,9.0,,
48930,12.2,20.2,0.0,,
48931,10.0,28.4,0.6,,
48932,12.8,29.9,0.0,,
48933,15.9,27.3,0.4,,
48934,8.4,27.5,0.0,,
48935,10.8,22.7,0.0,,
48936,7.2,20.2,7.6,,
48937,5.6,22.3,,,
48938,9.1,20.4,0.0,,
48939,4.5,18.4,0.0,,
48940,5.7,18.7,0.0,,
48941,3.7,19.2,0.0,,
48942,4.1,21.3,0.0,,
48943,3.3,21.4,0.0,,
48944,5.0,22.5,0.0,,
48945,6.8,18.7,0.6,,
48946,5.8,15.0,13.0,,
48947,5.9,19.9,1.6,,
48948,5.3,20.8,0.0,,
48949,4.7,19.7,0.2,,
48950,2.1,22.5,0.0,,
48951,5.5,20.0,0.2,,
48952,1.1,20.9,0.0,,
48953,6.3,22.5,0.0,,
48954,10.1,24.5,0.0,,
48955,9.2,21.5,4.0,,
48956,6.6,22.7,0.0,,
48957,7.4,19.9,0.0,,
48958,11.2,21.5,0.0,,
48959,4.7,22.6,0.0,,
48960,8.2,22.4,0.0,,
48961,10.6,17.2,2.2,,
48962,11.0,13.5,5.8,,
48963,2.7,13.9,4.0,,
48964,,16.5,0.0,,
48965,,17.1,0.0,,
48966,3.1,18.9,0.0,,
48967,1.5,19.9,0.0,,
48968,5.2,16.0,0.0,,
48969,0.6,16.7,0.0,,
48970,,17.6,0.0,,
48971,2.3,19.1,0.0,,
48972,1.8,17.3,0.2,,
48973,4.2,15.2,0.0,,
48974,,15.2,0.0,,
48975,,17.7,0.0,,
48976,,18.5,0.0,,
48977,,18.8,0.0,,
48978,,16.2,0.0,,
48979,3.4,18.9,0.0,,
48980,7.0,15.9,0.0,,
48981,3.3,17.1,0.6,,
48982,0.3,16.8,0.0,,
48983,,16.8,0.0,,
48984,4.6,19.1,0.0,,
48985,9.8,15.9,0.0,,
48986,8.8,17.8,31.2,,
48987,0.7,17.2,0.2,,
48988,0.2,18.1,0.0,,
48989,1.1,17.6,0.0,,
48990,5.5,15.9,1.8,,
48991,0.8,12.5,0.0,,
48992,0.4,16.0,0.0,,
48993,0.7,16.0,0.0,,
48994,0.0,14.3,0.2,,
48995,3.3,11.7,0.0,,
48996,,12.6,0.0,,
48997,,11.0,0.0,,
48998,,13.0,0.0,,
48999,,12.9,0.0,,
49000,,15.4,0.0,,
49001,,13.9,0.2,,
49002,,12.7,0.0,,
49003,,12.8,0.2,,
49004,5.6,12.6,0.0,,
49005,5.7,17.2,0.0,,
49006,5.5,13.5,0.4,,
49007,5.1,14.1,0.0,,
49008,,16.0,0.0,,
49009,,15.2,0.2,,
49010,,15.7,0.0,,
49011,,15.3,0.2,,
49012,,9.9,0.2,,
49013,,11.5,0.2,,
49014,2.9,13.0,0.0,,
49015,0.8,15.0,0.0,,
49016,,15.7,0.0,,
49017,,13.3,0.0,,
49018,,14.7,0.2,,
49019,,13.9,0.0,,
49020,,13.3,0.4,,
49021,0.1,14.4,0.0,,
49022,,14.5,0.0,,
